Area,Thickness,Porosity,Oil_Saturation,Bo,N
1256.4,15.0,0.265,0.782,1.408,21.5188
747.1,59.3,0.178,0.688,1.229,34.2484
1385.1,22.5,0.29,0.548,1.476,26.0319
1140.0,25.1,0.223,0.748,1.17,31.6482
223.1,78.8,0.105,0.484,1.319,5.2549
1562.9,52.0,0.275,0.76,1.142,115.389
1236.9,111.2,0.188,0.686,1.298,106.0221
1274.8,43.7,0.111,0.494,1.126,21.0467
274.7,89.3,0.114,0.482,1.131,9.2459
764.6,59.6,0.231,0.75,1.356,45.1694
643.6,81.9,0.09,0.567,1.182,17.6546
1488.7,75.2,0.143,0.806,1.136,88.1186
1058.7,61.0,0.111,0.755,1.515,27.7147
1330.6,114.4,0.177,0.729,1.072,142.1443
754.0,46.4,0.171,0.561,1.333,19.533
425.4,27.9,0.195,0.734,1.324,9.9539
923.0,83.9,0.142,0.829,1.175,60.1892
177.0,102.8,0.087,0.487,1.276,4.6872
1338.0,12.5,0.215,0.58,1.094,14.7899
1040.1,58.4,0.162,0.544,1.411,29.4323
1232.3,108.0,0.223,0.607,1.161,120.3792
618.9,92.0,0.104,0.747,1.147,29.9191
1555.5,119.1,0.083,0.64,1.207,63.2532
1437.5,67.5,0.135,0.678,1.501,45.9033
1263.1,81.9,0.18,0.576,1.448,57.4643
375.9,41.9,0.167,0.507,1.523,6.793
789.4,114.1,0.258,0.557,1.376,72.9775
146.6,49.0,0.163,0.794,1.381,5.2227
314.5,90.7,0.197,0.691,1.29,23.3524
1118.2,53.2,0.211,0.601,1.503,38.9385
1212.0,70.9,0.085,0.766,1.305,33.261
1550.6,88.6,0.193,0.476,1.228,79.735
575.3,65.0,0.156,0.552,1.37,18.2348
643.1,109.6,0.173,0.542,1.323,38.7547
793.7,55.0,0.102,0.844,1.112,26.2184
368.0,80.5,0.252,0.732,1.246,34.0241
277.5,46.3,0.287,0.697,1.207,16.5197
803.1,53.7,0.085,0.452,1.473,8.7267
424.9,57.3,0.212,0.524,1.239,16.9351
1098.1,22.1,0.248,0.704,1.461,22.4987
744.5,18.3,0.143,0.602,1.271,7.159
1345.7,82.8,0.253,0.82,1.427,125.6721
1144.4,81.4,0.219,0.756,1.118,107.0228
554.8,82.2,0.284,0.629,1.512,41.7999
1345.0,10.2,0.296,0.75,1.29,18.3162
1303.2,44.6,0.089,0.84,1.18,28.5682
669.0,30.2,0.178,0.634,1.171,15.1055
518.3,95.2,0.2,0.707,1.183,45.7544
1117.4,104.4,0.112,0.817,1.233,67.1639
292.4,35.6,0.154,0.549,1.409,4.8457
383.9,82.8,0.297,0.805,1.525,38.6617
91.2,22.5,0.084,0.489,1.385,0.4721
1276.1,38.8,0.18,0.709,1.324,37.0252
1090.6,23.5,0.265,0.763,1.274,31.5562
1151.9,39.8,0.151,0.696,1.464,25.5325
1266.7,83.6,0.186,0.648,1.475,67.1314
777.6,110.0,0.295,0.697,1.197,113.9881
944.5,30.7,0.184,0.511,1.527,13.8513
292.5,68.7,0.109,0.536,1.248,7.2981
254.1,86.6,0.091,0.558,1.45,5.9783
1096.0,114.7,0.288,0.689,1.533,126.2389
796.1,76.3,0.138,0.627,1.402,29.0831
939.2,36.6,0.191,0.548,1.131,24.6797
1242.8,78.1,0.1,0.803,1.343,45.0237
1044.8,43.9,0.173,0.6,1.109,33.3053
921.4,117.3,0.285,0.628,1.445,103.8563
930.0,52.8,0.191,0.614,1.191,37.5108
542.0,84.8,0.294,0.523,1.398,39.2181
126.8,10.6,0.137,0.743,1.505,0.7053
743.8,52.8,0.191,0.629,1.141,32.0803
406.2,106.0,0.269,0.457,1.246,32.9569
701.0,76.3,0.179,0.836,1.374,45.1923
1377.2,57.7,0.141,0.776,1.26,53.5344
435.6,112.8,0.268,0.739,1.137,66.3996
168.6,103.6,0.166,0.798,1.065,16.855
507.7,44.1,0.197,0.813,1.253,22.2025
526.3,69.0,0.295,0.585,1.375,35.3596
1086.1,62.9,0.121,0.694,1.337,33.2877
926.7,78.8,0.146,0.694,1.128,50.8884
1271.5,45.4,0.087,0.557,1.275,17.021
1089.8,35.4,0.166,0.539,1.235,21.6835
697.7,110.2,0.124,0.496,1.187,30.9067
1317.3,111.5,0.23,0.714,1.415,132.2449
333.8,102.5,0.12,0.762,1.205,20.1423
114.5,117.6,0.228,0.754,1.32,13.6049
216.9,91.4,0.138,0.577,1.512,8.0995
1178.0,93.6,0.158,0.532,1.32,54.471
782.1,93.4,0.157,0.631,1.359,41.3113
325.1,61.8,0.238,0.669,1.087,22.8312
841.6,59.1,0.183,0.818,1.139,50.7135
311.5,34.9,0.159,0.8,1.1,9.7528
1138.4,80.2,0.268,0.816,1.432,108.1685
758.2,40.4,0.206,0.79,1.468,26.3441
659.2,36.9,0.127,0.836,1.143,17.529
538.3,73.6,0.278,0.636,1.16,46.8485
1038.0,53.9,0.155,0.469,1.212,26.0338
630.0,32.5,0.089,0.483,1.346,5.073
213.2,99.4,0.189,0.606,1.361,13.8357
259.4,104.4,0.107,0.553,1.393,8.9244
1542.1,26.8,0.132,0.518,1.503,14.5862
1461.0,8.8,0.244,0.831,1.198,16.8817
1143.6,45.6,0.109,0.528,1.379,16.8844
484.1,97.3,0.258,0.834,1.33,59.1196
1553.1,102.0,0.286,0.754,1.203,220.3034
1263.7,23.5,0.213,0.706,1.504,23.0355
1169.7,94.7,0.236,0.72,1.098,132.9892
763.0,21.0,0.237,0.583,1.406,12.2159
493.8,51.7,0.298,0.709,1.414,29.5941
226.5,119.8,0.155,0.525,1.508,11.3596
1452.0,29.6,0.116,0.825,1.309,24.377
772.8,25.2,0.194,0.571,1.211,13.8201
387.6,55.4,0.197,0.552,1.464,12.3739
545.1,77.4,0.119,0.734,1.435,19.9232
960.4,112.5,0.215,0.713,1.3,98.8414
348.7,117.9,0.083,0.631,1.434,11.6486
1382.1,15.8,0.284,0.703,1.184,28.5672
1232.9,23.5,0.138,0.514,1.345,11.854
1173.6,96.6,0.089,0.719,1.483,37.9511
736.8,38.3,0.104,0.558,1.209,10.5085
1033.5,107.1,0.133,0.559,1.292,49.4141
967.8,82.3,0.14,0.515,1.526,29.1955
1067.8,20.5,0.087,0.583,1.449,5.9445
208.4,101.2,0.141,0.583,1.494,9.0025
712.0,27.8,0.122,0.632,1.243,9.5253
143.3,55.4,0.163,0.526,1.548,3.4112
830.9,69.8,0.165,0.527,1.126,34.7464
581.4,64.1,0.155,0.667,1.309,22.835
299.7,84.9,0.152,0.502,1.29,11.6762
237.2,81.1,0.1,0.726,1.449,7.4775
973.2,119.1,0.086,0.828,1.504,42.574
339.3,119.9,0.124,0.621,1.416,17.1634
1486.2,65.8,0.246,0.81,1.363,110.9117
963.2,18.7,0.298,0.489,1.264,16.1096
607.2,89.5,0.284,0.467,1.305,42.8479
978.2,117.4,0.191,0.739,1.305,96.3636
114.7,43.7,0.197,0.754,1.06,5.4491
1537.0,59.7,0.149,0.787,1.302,64.1133
813.1,55.6,0.25,0.473,1.478,28.0605
1269.8,13.8,0.248,0.761,1.405,18.261
205.7,83.3,0.266,0.601,1.448,14.6763
819.7,47.6,0.277,0.571,1.245,38.4555
825.9,96.2,0.176,0.519,1.314,42.8486
1505.5,101.2,0.249,0.848,1.067,233.9063
949.0,100.0,0.257,0.475,1.241,72.4221
799.7,54.7,0.148,0.781,1.287,30.4788
485.8,44.0,0.284,0.706,1.178,28.2252
584.0,91.9,0.101,0.744,1.066,29.3505
871.4,97.8,0.299,0.735,1.395,104.1575
747.1,63.0,0.249,0.793,1.268,56.862
112.9,108.0,0.101,0.524,1.258,3.9796
1336.0,24.1,0.224,0.45,1.175,21.4287
1442.2,106.5,0.088,0.689,1.319,54.7749
293.2,18.8,0.249,0.592,1.269,4.9674
922.1,25.2,0.256,0.5,1.287,17.9292
245.0,67.8,0.213,0.524,1.34,10.7338
1101.8,15.6,0.269,0.583,1.053,19.8596
507.5,13.9,0.102,0.478,1.504,1.7741
1082.3,8.1,0.141,0.473,1.086,4.1767
1185.0,56.9,0.171,0.816,1.275,57.2475
1248.3,94.8,0.089,0.575,1.154,40.7126
243.8,11.9,0.179,0.843,1.312,2.5887
1472.3,81.1,0.138,0.836,1.19,89.806
429.9,100.2,0.166,0.507,1.48,19.0037
136.9,26.8,0.174,0.736,1.248,2.9208
923.4,24.4,0.273,0.69,1.369,24.0513
643.8,104.4,0.139,0.726,1.174,44.8213
1341.3,100.2,0.277,0.488,1.06,132.9649
1308.5,68.4,0.174,0.525,1.252,50.6622
562.1,99.8,0.152,0.481,1.318,24.1417
1528.4,18.4,0.191,0.692,1.28,22.5286
522.2,52.2,0.172,0.845,1.531,20.0755
862.9,90.6,0.137,0.719,1.403,42.5824
469.1,36.8,0.191,0.734,1.548,12.1289
1502.8,92.3,0.113,0.844,1.198,85.6676
330.2,64.5,0.157,0.721,1.445,12.9436
148.3,92.0,0.204,0.466,1.328,7.577
741.3,60.0,0.171,0.797,1.356,34.6809
1588.4,49.2,0.261,0.596,1.543,61.1217
1435.3,32.5,0.136,0.452,1.377,16.1555
1217.9,31.3,0.293,0.653,1.499,37.7472
1434.0,92.2,0.253,0.825,1.413,151.5173
1438.0,21.3,0.293,0.553,1.114,34.5618
868.7,17.6,0.264,0.647,1.4,14.4715
560.2,27.7,0.111,0.52,1.292,5.3782
1253.5,27.6,0.196,0.473,1.509,16.4896
1085.7,100.2,0.117,0.482,1.453,32.7563
648.0,52.6,0.26,0.741,1.102,46.2296
223.6,118.9,0.209,0.796,1.117,30.7192
1215.1,23.4,0.138,0.507,1.085,14.2244
478.9,81.2,0.285,0.565,1.297,37.4545
1504.0,58.3,0.105,0.528,1.09,34.5989
446.3,52.0,0.204,0.461,1.412,11.9916
266.6,106.0,0.239,0.671,1.326,26.5151
1343.3,117.3,0.093,0.73,1.468,56.5328
313.0,105.8,0.212,0.709,1.19,32.45
352.5,29.5,0.259,0.605,1.31,9.6497
991.1,32.7,0.095,0.672,1.109,14.4736
1409.3,81.5,0.193,0.488,1.492,56.2496
378.6,40.4,0.137,0.512,1.138,7.3141
551.7,90.3,0.226,0.823,1.101,65.2922
1261.7,71.4,0.106,0.755,1.153,48.5096
1557.2,69.7,0.286,0.819,1.453,135.7411
841.1,100.8,0.277,0.817,1.103,134.9535
298.7,87.6,0.121,0.71,1.357,12.8515
101.2,11.0,0.151,0.821,1.423,0.7524
429.1,13.5,0.209,0.617,1.426,4.064
280.4,75.4,0.238,0.451,1.145,15.3761
1110.0,62.5,0.177,0.475,1.081,41.8595
265.2,37.1,0.114,0.494,1.274,3.3741
849.6,54.9,0.103,0.488,1.151,15.8022
1135.3,92.9,0.3,0.591,1.4,103.6232
963.3,100.6,0.18,0.731,1.228,80.5565
383.7,70.9,0.272,0.766,1.275,34.4886
1302.3,51.2,0.186,0.686,1.107,59.6239
1167.4,38.3,0.283,0.509,1.334,37.4556
1203.3,66.5,0.099,0.749,1.143,40.2732
279.2,43.3,0.105,0.592,1.389,4.1972
268.1,71.2,0.285,0.455,1.086,17.6829
1489.9,83.8,0.288,0.562,1.538,101.935
684.3,15.4,0.149,0.582,1.392,5.0932
537.4,8.1,0.158,0.56,1.141,2.6187
822.6,31.8,0.18,0.775,1.057,26.7833
1087.6,108.2,0.172,0.754,1.217,97.2871
1532.5,80.4,0.122,0.728,1.126,75.3979
515.4,27.3,0.278,0.506,1.159,13.2486
1485.7,107.7,0.136,0.773,1.486,87.8206
117.8,60.6,0.235,0.721,1.352,6.9406
923.9,61.3,0.095,0.528,1.138,19.3665
1043.6,112.8,0.089,0.709,1.328,43.3941
241.0,14.7,0.224,0.643,1.178,3.3605
293.3,32.1,0.155,0.626,1.538,4.608
717.1,73.6,0.224,0.495,1.066,42.5896
1548.7,29.9,0.101,0.657,1.416,16.8349
986.0,84.1,0.289,0.49,1.436,63.4399
1498.2,32.0,0.245,0.516,1.084,43.3767
1302.6,19.1,0.273,0.503,1.136,23.3317
790.4,31.2,0.11,0.832,1.242,14.0976
1272.8,55.3,0.15,0.564,1.484,31.1295
107.1,27.7,0.161,0.592,1.318,1.6644
245.9,23.1,0.198,0.579,1.378,3.6662
1340.7,104.4,0.145,0.809,1.442,88.3351
1291.2,43.9,0.093,0.675,1.464,18.8562
433.6,48.4,0.161,0.818,1.288,16.6475
886.8,14.2,0.136,0.57,1.304,5.8076
1001.1,48.0,0.165,0.496,1.409,21.6533
1399.0,37.7,0.123,0.672,1.182,28.6132
996.7,76.4,0.138,0.588,1.477,32.4551
707.1,31.0,0.218,0.771,1.06,26.9648
648.8,107.5,0.165,0.802,1.148,62.3714
727.3,112.1,0.156,0.639,1.45,43.4837
1070.9,19.2,0.197,0.839,1.22,21.6107
1398.6,20.0,0.25,0.671,1.125,32.3581
769.9,20.9,0.163,0.558,1.143,9.9336
456.7,77.4,0.209,0.646,1.315,28.1562
439.7,21.7,0.293,0.465,1.473,6.8467
1213.9,103.5,0.195,0.772,1.085,135.2369
1321.2,92.5,0.28,0.491,1.065,122.3911
240.0,99.8,0.255,0.573,1.283,21.1621
181.2,66.9,0.093,0.676,1.528,3.8694
983.5,119.6,0.174,0.467,1.19,62.3124
302.2,12.9,0.234,0.482,1.53,2.2295
1333.5,52.9,0.297,0.728,1.494,79.2019
551.7,44.3,0.181,0.479,1.192,13.791
298.7,114.2,0.1,0.641,1.458,11.6346
1479.9,72.6,0.204,0.585,1.393,71.4091
331.6,98.3,0.108,0.541,1.306,11.3135
512.8,27.1,0.245,0.526,1.261,11.018
313.5,117.6,0.192,0.755,1.458,28.4371
255.5,63.8,0.239,0.831,1.447,17.3577
112.1,63.3,0.271,0.506,1.428,5.2863
164.2,116.7,0.218,0.834,1.549,17.4488
345.5,50.6,0.215,0.688,1.289,15.564
161.1,52.5,0.246,0.707,1.453,7.854
978.5,73.5,0.265,0.734,1.481,73.2799
1114.7,22.3,0.271,0.732,1.156,33.0929
678.3,44.0,0.088,0.778,1.071,14.8012
563.3,29.6,0.202,0.643,1.252,13.4196
846.9,19.6,0.128,0.663,1.478,7.3941
1410.0,105.0,0.269,0.58,1.195,149.9583
1373.7,74.0,0.223,0.492,1.4,61.8038
146.1,48.2,0.172,0.716,1.054,6.3833
355.9,53.8,0.121,0.463,1.228,6.7769
439.9,56.3,0.155,0.56,1.358,12.281
459.1,78.9,0.235,0.488,1.115,28.9033
948.3,111.8,0.125,0.526,1.498,36.1012
712.7,112.5,0.101,0.705,1.128,39.2654
154.9,51.8,0.275,0.701,1.505,7.9734
647.9,44.9,0.248,0.618,1.158,29.87
876.1,58.5,0.124,0.486,1.547,15.4891
234.5,71.6,0.144,0.623,1.352,8.6433
1346.9,59.7,0.294,0.591,1.092,99.2594
159.0,81.8,0.236,0.738,1.083,16.2271
1485.8,70.1,0.214,0.682,1.087,108.4918
230.7,43.9,0.148,0.647,1.345,5.5938
1362.2,46.7,0.146,0.645,1.455,31.9416
1452.0,50.4,0.089,0.837,1.251,33.8069
1568.9,18.6,0.24,0.753,1.272,32.1645
1299.1,26.6,0.089,0.649,1.345,11.5129
1264.8,89.0,0.081,0.642,1.317,34.4823
1056.6,51.6,0.24,0.461,1.394,33.5706
1264.1,32.0,0.289,0.827,1.286,58.3235
284.5,71.0,0.246,0.578,1.407,15.8365
894.8,92.6,0.184,0.552,1.549,42.1495
861.6,36.8,0.187,0.85,1.225,31.9174
1383.5,100.6,0.176,0.737,1.056,132.6304
783.5,111.9,0.151,0.469,1.113,43.2786
665.3,74.9,0.195,0.475,1.327,26.984
1052.1,82.9,0.175,0.46,1.222,44.5745
485.0,13.9,0.212,0.69,1.52,5.0332
292.4,113.9,0.278,0.479,1.364,25.2242
806.4,52.0,0.299,0.823,1.31,61.1087
713.7,111.5,0.097,0.825,1.449,34.0955
433.5,72.8,0.165,0.668,1.179,22.8885
638.6,8.5,0.12,0.697,1.46,2.4125
636.9,12.3,0.157,0.567,1.052,5.1427
577.8,84.2,0.143,0.476,1.36,18.8905
656.8,71.0,0.118,0.745,1.517,20.965
1122.3,11.0,0.248,0.491,1.444,8.0764
531.3,91.3,0.189,0.484,1.477,23.307
1522.3,103.4,0.282,0.574,1.248,158.3861
1472.8,63.6,0.087,0.455,1.462,19.6759
811.0,60.2,0.095,0.624,1.325,16.9457
579.1,8.6,0.169,0.733,1.359,3.5219
893.9,96.1,0.098,0.771,1.079,46.6682
1369.8,45.0,0.138,0.692,1.151,39.6761
1071.9,106.4,0.297,0.789,1.325,156.4816
1302.7,49.8,0.126,0.613,1.079,36.0274
889.7,71.3,0.124,0.79,1.421,33.9264
1042.0,38.3,0.206,0.653,1.47,28.3321
518.0,26.0,0.19,0.539,1.51,7.0863
1197.0,94.8,0.208,0.828,1.101,137.7078
387.7,63.6,0.163,0.56,1.52,11.4877
1136.1,68.1,0.262,0.46,1.084,66.7334
1388.3,116.1,0.11,0.547,1.287,58.4611
280.8,115.9,0.174,0.597,1.47,17.8417
1013.9,103.8,0.232,0.591,1.085,103.1782
224.5,29.0,0.271,0.66,1.059,8.5306
1183.1,74.6,0.161,0.803,1.062,83.3541
208.4,106.4,0.205,0.567,1.306,15.3103
1502.6,49.9,0.095,0.658,1.456,24.9736
288.9,19.3,0.117,0.586,1.114,2.6623
1537.5,98.8,0.095,0.779,1.112,78.4293
1297.3,62.0,0.24,0.513,1.334,57.591
982.4,71.2,0.143,0.491,1.167,32.6486
1269.6,118.0,0.239,0.651,1.415,127.7971
1288.6,76.0,0.095,0.719,1.525,34.0302
1518.0,55.6,0.27,0.768,1.433,94.7491
465.1,49.4,0.264,0.686,1.489,21.6799
976.9,54.8,0.1,0.76,1.31,24.0948
224.5,21.3,0.085,0.607,1.466,1.3056
1016.6,97.0,0.092,0.463,1.141,28.5598
340.4,101.8,0.268,0.496,1.084,32.9666
938.7,39.9,0.132,0.465,1.378,12.9428
950.1,42.0,0.201,0.582,1.076,33.657
788.3,105.9,0.174,0.648,1.496,48.8124
874.4,10.7,0.255,0.593,1.396,7.8624
1241.2,66.3,0.188,0.674,1.526,53.0113
1294.9,59.9,0.19,0.642,1.207,60.8127
828.1,85.3,0.298,0.721,1.293,91.0615
991.4,26.3,0.113,0.717,1.421,11.5334
1495.5,82.9,0.263,0.577,1.171,124.6423
262.0,50.2,0.091,0.588,1.321,4.1331
258.0,77.3,0.185,0.684,1.38,14.1872
213.3,12.5,0.275,0.689,1.539,2.5466
1080.0,59.7,0.226,0.576,1.422,45.7909
716.3,66.5,0.231,0.582,1.109,44.7992
1257.0,32.0,0.138,0.728,1.288,24.3405
1100.3,23.6,0.172,0.709,1.344,18.2788
587.1,29.1,0.161,0.504,1.123,9.577
1445.5,46.5,0.195,0.626,1.266,50.2801
1239.0,18.8,0.182,0.807,1.192,22.2663
491.2,114.1,0.152,0.465,1.109,27.7114
633.6,53.4,0.147,0.792,1.306,23.3994
557.9,98.6,0.135,0.515,1.133,26.1875
319.6,117.1,0.16,0.653,1.345,22.554
304.6,17.0,0.113,0.62,1.135,2.4797
1502.9,81.0,0.272,0.454,1.412,82.5952
745.6,105.6,0.212,0.816,1.148,92.0457
662.6,79.0,0.109,0.632,1.498,18.675
1189.1,56.1,0.233,0.832,1.063,94.3794
920.5,56.3,0.266,0.565,1.311,46.0903
1502.9,12.0,0.132,0.797,1.21,12.1649
1266.1,67.9,0.113,0.819,1.163,53.0726
808.6,119.3,0.082,0.673,1.286,32.1153
652.1,115.4,0.09,0.531,1.471,18.9668
1579.7,12.5,0.248,0.724,1.508,18.2399
1171.0,87.0,0.297,0.67,1.202,130.8437
1525.8,41.8,0.09,0.828,1.127,32.7169
260.1,109.1,0.245,0.626,1.41,23.9462
1372.8,13.1,0.096,0.557,1.341,5.5632
1048.4,112.8,0.21,0.505,1.151,84.532
265.3,101.8,0.246,0.729,1.43,26.2761
974.2,21.2,0.159,0.84,1.309,16.3482
1122.9,14.7,0.082,0.461,1.377,3.5155
98.7,101.5,0.211,0.746,1.23,9.946
770.6,25.4,0.298,0.821,1.27,29.2529
1334.6,67.9,0.137,0.48,1.14,40.5534
528.9,110.6,0.122,0.494,1.428,19.153
777.0,71.6,0.107,0.727,1.129,29.7377
752.3,52.5,0.202,0.709,1.439,30.4956
538.9,57.8,0.211,0.478,1.449,16.8201
1476.0,15.1,0.254,0.784,1.423,24.1968
1267.6,116.5,0.246,0.659,1.06,175.2155
248.1,42.8,0.276,0.813,1.187,15.5729
1595.5,29.2,0.257,0.801,1.284,57.9469
1416.4,40.0,0.134,0.775,1.348,33.862
511.5,116.0,0.202,0.656,1.51,40.3954
1352.1,18.6,0.145,0.551,1.238,12.5913
241.8,105.1,0.153,0.652,1.488,13.2174
1598.6,87.3,0.285,0.49,1.132,133.5667
1091.8,101.0,0.23,0.714,1.236,113.6637
1068.2,117.3,0.294,0.504,1.076,133.8647
217.5,102.3,0.172,0.654,1.421,13.6646
1443.5,113.7,0.198,0.472,1.125,105.7747
124.1,22.2,0.187,0.57,1.179,1.9323
446.1,97.1,0.104,0.543,1.438,13.197
297.4,69.1,0.132,0.698,1.317,11.1535
1260.7,68.9,0.196,0.765,1.057,95.5924
381.3,108.7,0.095,0.473,1.051,13.7476
1464.2,116.8,0.285,0.79,1.305,228.9046
1077.5,86.9,0.107,0.794,1.202,51.3436
135.0,62.1,0.124,0.587,1.14,4.1527
88.3,59.1,0.248,0.714,1.357,5.2828
158.5,51.3,0.101,0.611,1.164,3.3443
1001.0,48.5,0.278,0.512,1.346,39.8286
1298.3,51.8,0.24,0.661,1.24,66.7491
442.6,18.1,0.095,0.485,1.143,2.5053
1371.1,16.7,0.232,0.801,1.119,29.5003
167.0,95.3,0.219,0.82,1.168,18.9834
1297.5,58.0,0.247,0.779,1.065,105.48
1490.2,112.2,0.262,0.675,1.204,190.5311
1253.6,76.6,0.238,0.673,1.501,79.4967
1141.1,11.9,0.209,0.844,1.466,12.6758
1353.7,25.6,0.151,0.549,1.236,18.032
141.0,31.1,0.233,0.48,1.338,2.8436
386.7,117.3,0.291,0.675,1.334,51.8159
269.9,32.5,0.209,0.582,1.464,5.6541
846.9,65.8,0.226,0.579,1.168,48.4342
1212.7,112.9,0.176,0.453,1.198,70.6889
1037.6,117.4,0.246,0.688,1.201,133.1767
1373.7,34.5,0.299,0.556,1.07,57.1246
315.9,13.5,0.115,0.525,1.207,1.6549
1196.6,25.2,0.125,0.466,1.489,9.1517
373.4,15.1,0.199,0.596,1.506,3.4449
491.6,29.9,0.186,0.802,1.105,15.3942
1159.1,71.7,0.206,0.585,1.279,60.7495
1569.9,110.2,0.091,0.722,1.241,71.0575
1009.5,68.2,0.169,0.753,1.295,52.4871
162.8,78.1,0.208,0.581,1.327,8.983
1016.8,30.6,0.209,0.779,1.06,37.0753
144.4,97.7,0.225,0.727,1.471,12.1707
1423.9,77.2,0.238,0.674,1.537,89.004
1158.6,104.8,0.221,0.45,1.377,68.0323
343.2,114.3,0.254,0.464,1.38,25.9906
219.4,47.0,0.217,0.846,1.314,11.1768
359.0,18.1,0.198,0.763,1.217,6.2578
1569.6,33.3,0.213,0.825,1.124,63.3943
777.0,57.0,0.102,0.811,1.342,21.1794
1271.8,113.9,0.14,0.458,1.072,67.2188
1047.3,50.4,0.196,0.767,1.462,42.1071
950.1,94.3,0.272,0.63,1.26,94.53
300.6,68.5,0.229,0.766,1.257,22.2925
1518.0,28.5,0.1,0.453,1.214,12.5241
538.0,43.9,0.21,0.565,1.535,14.163
958.6,81.2,0.129,0.751,1.137,51.4532
1143.7,83.4,0.241,0.767,1.126,121.4792
1066.8,56.7,0.262,0.698,1.133,75.743
1509.7,33.6,0.211,0.571,1.379,34.3822
305.6,88.9,0.21,0.574,1.546,16.4334
852.7,26.9,0.154,0.837,1.168,19.6382
694.1,112.9,0.178,0.626,1.503,45.0714
800.7,29.0,0.27,0.629,1.189,25.7306
261.2,20.0,0.239,0.671,1.374,4.7303
283.8,63.7,0.194,0.614,1.07,15.6131
502.7,66.2,0.161,0.671,1.298,21.4877
543.2,64.9,0.091,0.623,1.377,11.2603
730.4,56.9,0.111,0.781,1.318,21.2071
1008.7,119.4,0.122,0.814,1.169,79.3754
1044.6,62.5,0.162,0.823,1.464,46.1268
706.0,61.5,0.288,0.676,1.535,42.7229
701.4,55.2,0.191,0.627,1.28,28.1025
410.8,15.5,0.132,0.732,1.368,3.4891
974.2,74.4,0.103,0.785,1.445,31.4637
561.9,33.5,0.154,0.675,1.171,12.9635
134.8,79.4,0.259,0.73,1.482,10.5934
716.0,13.7,0.164,0.75,1.19,7.8658
800.7,117.9,0.25,0.721,1.438,91.8015
422.9,60.5,0.257,0.748,1.106,34.5003
950.1,108.4,0.104,0.533,1.194,37.0941
940.0,61.3,0.214,0.649,1.317,47.1423
1147.0,14.8,0.291,0.685,1.312,20.009
1064.9,100.1,0.168,0.451,1.475,42.4802
1071.7,80.6,0.091,0.792,1.548,31.1999
560.6,95.6,0.283,0.694,1.104,73.9669
1276.9,56.0,0.274,0.502,1.186,64.3375
914.7,79.4,0.195,0.777,1.229,69.4629
735.8,103.9,0.201,0.737,1.289,68.161
1031.5,78.7,0.127,0.753,1.297,46.4357
628.2,46.9,0.26,0.607,1.478,24.4066
859.4,82.2,0.19,0.792,1.435,57.4703
1199.8,83.2,0.087,0.616,1.059,39.191
1427.3,115.6,0.23,0.678,1.278,156.1887
1480.0,49.5,0.289,0.45,1.359,54.3886
845.5,55.6,0.262,0.708,1.28,52.8522
870.8,99.0,0.141,0.737,1.115,62.3326
1295.8,64.6,0.092,0.677,1.249,32.3843
558.0,90.5,0.287,0.649,1.256,58.0991
1352.8,59.5,0.286,0.774,1.144,120.8318
831.1,32.1,0.197,0.723,1.428,20.6436
256.1,91.5,0.221,0.561,1.211,18.6119
189.5,22.7,0.182,0.834,1.344,3.769
1359.8,30.2,0.172,0.733,1.308,30.7083
164.5,78.2,0.106,0.845,1.489,6.0033
506.5,91.7,0.101,0.839,1.111,27.4832
587.9,108.2,0.131,0.818,1.107,47.7702
343.0,38.5,0.264,0.752,1.2,16.949
557.1,20.4,0.112,0.694,1.266,5.4132
1208.9,115.1,0.13,0.519,1.199,60.7445
102.3,25.3,0.201,0.667,1.432,1.8799
1337.3,30.1,0.127,0.756,1.173,25.5607
1382.0,40.6,0.116,0.658,1.092,30.426
645.8,67.3,0.204,0.797,1.257,43.613
313.5,106.9,0.161,0.494,1.437,14.39
993.3,93.2,0.218,0.602,1.475,63.9009
261.9,87.3,0.281,0.652,1.417,22.9342
634.7,27.6,0.113,0.623,1.329,7.1989
1536.8,48.1,0.281,0.493,1.412,56.264
1593.1,61.6,0.279,0.511,1.391,78.0318
1253.6,24.5,0.262,0.785,1.167,41.9928
552.7,38.6,0.219,0.644,1.325,17.6174
1125.3,42.5,0.216,0.469,1.435,26.1928
1152.2,22.3,0.221,0.457,1.209,16.6519
669.5,69.6,0.232,0.639,1.377,38.9193
1054.2,87.0,0.084,0.516,1.291,23.8888
96.3,15.8,0.291,0.732,1.302,1.9312
397.8,61.9,0.209,0.768,1.095,28.0026
878.1,95.6,0.252,0.541,1.383,64.1989
328.9,91.8,0.163,0.687,1.483,17.6872
332.2,99.3,0.083,0.512,1.121,9.7015
1351.2,58.2,0.192,0.571,1.233,54.2459
1583.5,99.9,0.192,0.806,1.074,176.8338
925.1,35.0,0.176,0.668,1.065,27.7298
1355.4,48.4,0.155,0.804,1.545,41.0508
1585.3,27.8,0.135,0.54,1.297,19.2174
295.2,60.4,0.196,0.582,1.228,12.8494
761.3,51.9,0.163,0.638,1.187,26.8553
676.7,35.0,0.293,0.642,1.54,22.4438
201.7,92.2,0.118,0.849,1.176,12.2905
1228.1,43.2,0.15,0.496,1.413,21.672
739.3,38.6,0.145,0.791,1.192,21.3023
793.4,22.7,0.2,0.795,1.085,20.4755
309.0,57.1,0.19,0.671,1.392,12.5366
355.0,41.9,0.222,0.588,1.051,14.3324
1458.8,49.4,0.289,0.658,1.388,76.5961
147.9,34.4,0.143,0.567,1.175,2.7237
433.9,93.5,0.232,0.77,1.423,39.5116
523.9,112.2,0.086,0.649,1.435,17.7371
825.1,63.8,0.138,0.82,1.412,32.7292
971.4,80.0,0.182,0.699,1.062,72.2207
829.8,105.1,0.087,0.656,1.402,27.5424
207.9,119.9,0.216,0.734,1.545,19.8447
450.4,76.7,0.229,0.652,1.171,34.1719
1362.3,107.7,0.244,0.812,1.187,189.9912
1049.1,109.8,0.194,0.524,1.457,62.3509
1066.7,96.6,0.213,0.839,1.13,126.4248
1098.7,59.6,0.167,0.775,1.38,47.6447
1239.6,17.1,0.089,0.794,1.428,8.1379
168.3,9.8,0.102,0.643,1.069,0.785
637.2,61.4,0.224,0.785,1.327,40.2199
900.1,63.4,0.299,0.573,1.338,56.6891
594.5,53.6,0.083,0.755,1.202,12.888
1363.6,71.6,0.203,0.506,1.488,52.287
813.5,69.8,0.245,0.573,1.131,54.679
1248.3,101.7,0.262,0.628,1.232,131.5346
1375.1,20.2,0.2,0.579,1.474,16.9296
847.3,33.2,0.216,0.605,1.145,24.9074
1462.5,96.8,0.233,0.778,1.461,136.2719
972.4,103.0,0.269,0.553,1.09,106.0432
1372.4,119.4,0.107,0.748,1.295,78.5689
597.7,105.8,0.284,0.479,1.088,61.34
838.2,107.7,0.086,0.756,1.389,32.7817
887.7,43.2,0.264,0.767,1.445,41.6899
239.6,53.0,0.097,0.611,1.475,3.9585
685.8,38.0,0.123,0.739,1.541,11.9255
1474.4,75.9,0.081,0.816,1.386,41.4018
1038.9,113.1,0.178,0.77,1.435,87.0653
349.8,46.6,0.154,0.606,1.303,9.0574
595.1,70.4,0.117,0.644,1.506,16.2614
371.2,41.2,0.179,0.762,1.372,11.7953
117.7,27.0,0.169,0.567,1.492,1.5834
1489.7,29.9,0.249,0.772,1.168,56.8714
761.3,14.5,0.276,0.581,1.298,10.58
547.5,114.3,0.224,0.772,1.415,59.332
989.7,53.1,0.107,0.485,1.151,18.3822
91.1,101.4,0.145,0.468,1.156,4.2069
502.6,84.3,0.281,0.849,1.539,50.9536
1148.6,29.5,0.1,0.798,1.267,16.5564
1043.3,27.7,0.17,0.803,1.141,26.8236
1572.3,98.9,0.287,0.831,1.216,236.6088
1022.9,37.6,0.289,0.625,1.249,43.1505
805.8,110.3,0.17,0.565,1.362,48.6265
1237.4,23.7,0.227,0.502,1.512,17.1469
1453.1,83.9,0.18,0.65,1.543,71.7178
1175.5,99.2,0.246,0.538,1.376,87.0128
1544.1,34.3,0.087,0.824,1.4,21.0396
1268.6,38.9,0.112,0.452,1.211,16.0043
1397.5,116.0,0.215,0.507,1.479,92.6911
253.4,37.6,0.131,0.549,1.159,4.5867
1193.3,56.2,0.227,0.53,1.103,56.7495
748.9,56.4,0.157,0.54,1.537,18.0747
920.7,36.3,0.275,0.712,1.482,34.2562
1074.2,94.9,0.26,0.581,1.202,99.3908
1554.1,94.4,0.188,0.696,1.388,107.2947
1576.6,50.4,0.25,0.806,1.284,96.7413
518.1,101.5,0.14,0.691,1.212,32.5636
1195.3,31.9,0.189,0.728,1.193,34.1169
1220.0,8.5,0.123,0.596,1.118,5.2752
606.7,72.0,0.269,0.514,1.325,35.3635
268.3,119.3,0.261,0.578,1.273,29.4273
142.2,12.3,0.278,0.836,1.306,2.4147
1261.6,31.3,0.273,0.699,1.158,50.4832
824.3,66.1,0.291,0.561,1.519,45.4291
1578.0,98.7,0.13,0.63,1.369,72.286
786.8,18.0,0.285,0.784,1.5,16.3665
1566.4,52.3,0.206,0.717,1.105,84.9529
705.6,91.7,0.173,0.674,1.361,43.0057
1286.4,49.6,0.203,0.804,1.475,54.7731
208.9,29.1,0.155,0.719,1.215,4.3258
924.3,29.9,0.143,0.707,1.148,18.882
1299.1,53.9,0.133,0.526,1.183,32.1243
1485.5,61.7,0.098,0.493,1.186,28.9665
1330.3,104.5,0.189,0.836,1.274,133.7563
136.2,79.9,0.275,0.69,1.213,13.2067
646.5,85.3,0.219,0.616,1.186,48.664
154.0,118.1,0.195,0.686,1.374,13.737
246.1,54.1,0.174,0.475,1.077,7.9266
1106.5,53.2,0.182,0.779,1.22,53.0716
1164.2,111.4,0.126,0.537,1.395,48.8015
1256.1,35.5,0.261,0.772,1.138,61.2517
1395.5,89.7,0.124,0.664,1.16,68.9293
1203.9,92.5,0.238,0.561,1.15,100.3053
1297.3,19.0,0.247,0.462,1.05,20.7823
154.4,60.4,0.206,0.776,1.287,8.9864
436.5,30.5,0.27,0.521,1.069,13.5912
1025.3,28.8,0.144,0.471,1.186,13.1006
1384.4,59.9,0.274,0.752,1.547,85.6873
86.8,40.4,0.24,0.59,1.509,2.5528
862.2,97.2,0.256,0.606,1.158,87.102
1109.5,109.7,0.226,0.549,1.205,97.2249
125.0,97.9,0.266,0.794,1.282,15.6407
690.1,37.8,0.298,0.569,1.472,23.3117
1441.4,38.7,0.172,0.534,1.451,27.3935
1100.9,36.5,0.259,0.574,1.113,41.6396
441.2,23.1,0.244,0.531,1.112,9.2125
1376.2,113.7,0.18,0.577,1.258,100.2212
609.0,53.0,0.284,0.483,1.485,23.1303
1377.1,33.2,0.167,0.513,1.491,20.3803
534.4,102.8,0.204,0.617,1.104,48.591
977.3,52.7,0.103,0.802,1.337,24.687
683.3,11.9,0.13,0.473,1.128,3.4388
497.7,26.1,0.265,0.535,1.393,10.2567
1427.6,79.6,0.167,0.813,1.508,79.3734
365.1,95.7,0.167,0.806,1.277,28.5716
208.9,31.6,0.134,0.722,1.092,4.5373
599.7,110.7,0.188,0.546,1.34,39.4527
1170.8,103.3,0.257,0.618,1.254,118.8384
1307.3,103.0,0.277,0.534,1.455,106.199
1598.1,33.5,0.095,0.501,1.22,16.2032
530.5,13.7,0.206,0.602,1.487,4.7023
700.1,105.2,0.183,0.68,1.187,59.9011
288.0,42.2,0.215,0.594,1.129,10.6656
953.8,77.3,0.178,0.694,1.203,58.7355
1596.3,93.1,0.168,0.569,1.067,103.293
1145.3,22.4,0.184,0.588,1.191,18.0801
984.7,95.5,0.208,0.766,1.38,84.2306
676.4,113.1,0.19,0.801,1.121,80.5743
1471.3,89.6,0.184,0.579,1.106,98.5145
835.3,57.4,0.26,0.679,1.116,58.8414
284.2,106.2,0.244,0.561,1.089,29.4322
635.4,67.1,0.155,0.471,1.487,16.2391
182.1,91.4,0.256,0.745,1.522,16.1803
387.0,99.9,0.268,0.518,1.073,38.8053
106.9,91.9,0.114,0.62,1.43,3.7671
769.0,40.2,0.208,0.645,1.419,22.6748
1044.5,21.2,0.143,0.524,1.548,8.3155
601.8,34.7,0.243,0.488,1.224,15.6955
719.0,64.3,0.133,0.589,1.193,23.5514
1538.0,64.6,0.228,0.831,1.277,114.3625
1223.0,73.3,0.136,0.696,1.478,44.5404
902.1,52.3,0.192,0.603,1.414,29.9692
512.5,96.1,0.289,0.466,1.286,40.0138
1443.4,110.3,0.164,0.69,1.172,119.2552
437.3,35.6,0.273,0.487,1.414,11.3559
574.5,90.5,0.297,0.667,1.477,54.0991
1461.8,83.9,0.272,0.751,1.25,155.4886
884.9,66.6,0.116,0.619,1.384,23.7209
1208.3,29.1,0.26,0.57,1.25,32.3412
977.9,97.1,0.087,0.469,1.289,23.3186
1073.2,115.6,0.167,0.46,1.312,56.3545
535.1,88.8,0.272,0.622,1.438,43.3709
446.9,110.8,0.232,0.803,1.539,46.5013
570.2,118.2,0.197,0.548,1.272,44.3766
316.3,47.4,0.165,0.68,1.221,10.6882
1409.0,79.5,0.259,0.724,1.237,131.7336
510.5,61.1,0.236,0.474,1.117,24.2339
933.5,118.5,0.183,0.511,1.198,66.9881
1283.8,18.5,0.276,0.583,1.093,27.1254
1271.4,54.2,0.131,0.718,1.264,39.7814
746.3,106.1,0.117,0.626,1.134,39.6758
803.9,39.8,0.221,0.744,1.223,33.3713
1591.9,96.2,0.294,0.797,1.447,192.3879
1105.4,50.9,0.134,0.753,1.173,37.5482
1318.3,117.8,0.135,0.847,1.356,101.5937
1451.9,107.0,0.111,0.752,1.501,67.024
1277.1,41.7,0.269,0.791,1.333,65.9492
361.5,94.3,0.13,0.783,1.147,23.4699
934.5,45.7,0.191,0.742,1.222,38.4248
234.9,75.9,0.298,0.771,1.345,23.6278
1072.4,81.7,0.083,0.824,1.303,35.6771
1532.1,100.9,0.202,0.64,1.124,137.9409
859.4,10.7,0.193,0.705,1.273,7.6251
738.1,32.7,0.258,0.656,1.322,23.972
134.5,87.7,0.158,0.79,1.184,9.6473
1538.9,71.1,0.17,0.623,1.356,66.299
236.6,63.5,0.117,0.778,1.085,9.7785
142.4,14.2,0.243,0.77,1.218,2.4099
454.0,47.0,0.253,0.835,1.452,24.0848
179.6,104.9,0.11,0.55,1.18,7.4938
771.8,11.5,0.167,0.734,1.353,6.2383
864.5,52.4,0.276,0.753,1.255,58.1978
555.1,113.9,0.081,0.825,1.208,27.1342
157.5,13.7,0.146,0.813,1.508,1.3176
249.6,92.0,0.202,0.679,1.222,19.9955
664.4,36.9,0.154,0.682,1.168,17.1028
172.0,105.1,0.14,0.517,1.505,6.7447
1141.2,91.6,0.181,0.84,1.423,86.6483
394.7,107.2,0.12,0.552,1.391,15.6317
539.1,32.2,0.197,0.74,1.075,18.2627
679.1,67.5,0.235,0.768,1.116,57.5112
713.2,95.3,0.207,0.626,1.369,49.9109
82.5,35.5,0.1,0.534,1.155,1.0505
250.3,33.8,0.266,0.526,1.163,7.8961
1391.4,11.0,0.118,0.793,1.44,7.7159
81.9,115.4,0.248,0.654,1.193,9.9685
852.4,87.5,0.159,0.486,1.086,41.1723
824.0,79.2,0.252,0.737,1.068,88.0438
586.3,91.3,0.125,0.55,1.272,22.4453
735.6,67.5,0.121,0.801,1.359,27.4722
1266.5,61.3,0.189,0.574,1.484,44.0307
1358.6,58.3,0.087,0.53,1.105,25.6415
475.7,79.7,0.13,0.484,1.148,16.1209
570.2,30.6,0.239,0.655,1.315,16.1143
448.6,107.5,0.264,0.63,1.232,50.507
809.4,98.9,0.098,0.751,1.291,35.4037
1118.6,47.2,0.274,0.636,1.512,47.2087
426.9,72.8,0.255,0.588,1.322,27.346
582.7,23.8,0.271,0.555,1.258,12.8633
1494.2,116.9,0.234,0.561,1.545,115.1392
153.8,109.1,0.228,0.821,1.083,22.4999
780.4,111.3,0.196,0.516,1.516,44.954
1161.6,45.2,0.224,0.845,1.301,59.2614
308.7,26.9,0.282,0.581,1.302,8.1069
152.0,31.7,0.102,0.485,1.511,1.2239
290.1,18.1,0.149,0.549,1.304,2.5554
1476.6,21.5,0.096,0.473,1.269,8.813
94.1,16.0,0.288,0.766,1.186,2.1727
366.2,118.9,0.178,0.655,1.379,28.5593
127.6,16.3,0.229,0.585,1.335,1.6192
248.2,22.8,0.265,0.715,1.157,7.1896
1022.6,100.7,0.298,0.702,1.405,118.9494
447.3,73.0,0.116,0.826,1.372,17.6911
945.2,94.7,0.256,0.835,1.249,118.8468
977.1,78.7,0.275,0.722,1.052,112.5946
1371.1,106.8,0.091,0.777,1.273,63.0992
87.2,79.5,0.246,0.767,1.053,9.6369
1377.1,66.5,0.158,0.647,1.087,66.8142
1021.1,87.8,0.223,0.732,1.265,89.7507
327.4,58.1,0.193,0.481,1.091,12.5569
1254.9,46.8,0.137,0.753,1.188,39.5643
1380.3,60.4,0.11,0.835,1.378,43.1112
466.5,27.0,0.106,0.484,1.204,4.1638
1476.6,97.2,0.103,0.784,1.549,58.0471
770.8,37.2,0.22,0.823,1.508,26.7089
997.2,25.2,0.157,0.54,1.343,12.3069
1576.7,35.6,0.128,0.66,1.533,23.9972
629.5,102.3,0.232,0.821,1.484,64.1237
1316.0,45.0,0.231,0.834,1.209,73.2099
564.0,84.8,0.199,0.501,1.425,25.9598
1294.8,103.9,0.286,0.59,1.118,157.5231
993.1,16.7,0.165,0.729,1.392,11.1181
408.9,93.7,0.264,0.539,1.296,32.6358
709.3,42.5,0.097,0.58,1.058,12.4361
562.8,32.3,0.243,0.459,1.187,13.2518
198.7,85.2,0.297,0.511,1.528,13.0449
125.3,109.9,0.266,0.675,1.208,15.8788
606.6,41.0,0.208,0.711,1.141,25.0083
108.9,71.7,0.218,0.71,1.144,8.1957
331.5,40.5,0.158,0.761,1.29,9.7082
1182.3,70.1,0.229,0.616,1.471,61.6594
1156.3,77.6,0.249,0.559,1.429,67.8049
1202.6,76.4,0.3,0.456,1.268,76.9009
562.1,77.8,0.188,0.533,1.154,29.4593
1432.8,23.1,0.093,0.575,1.073,12.7967
982.6,85.7,0.211,0.521,1.281,56.0633
271.6,83.6,0.106,0.458,1.457,5.8695
298.5,84.4,0.134,0.513,1.415,9.4952
1133.5,16.3,0.152,0.716,1.254,12.4399
342.9,58.0,0.241,0.702,1.347,19.379
851.1,53.8,0.12,0.824,1.268,27.7014
1587.5,17.7,0.116,0.769,1.34,14.5116
86.1,32.9,0.09,0.677,1.309,1.0229
105.2,57.4,0.272,0.505,1.39,4.6294
1589.5,91.2,0.233,0.676,1.304,135.8408
968.7,34.6,0.089,0.475,1.52,7.2319
272.9,100.9,0.086,0.622,1.264,9.0404
1443.9,69.1,0.203,0.606,1.058,90.0011
1418.2,93.2,0.142,0.621,1.168,77.4177
895.0,60.9,0.211,0.562,1.3,38.5714
1025.1,63.9,0.176,0.724,1.32,49.0562
495.2,77.4,0.283,0.786,1.326,49.8812
156.8,111.9,0.143,0.757,1.407,10.4728
983.7,63.1,0.229,0.701,1.187,65.1245
528.0,67.2,0.092,0.665,1.382,12.1858
1088.7,75.4,0.29,0.462,1.402,60.8585
1351.1,90.6,0.296,0.739,1.256,165.391
107.6,16.0,0.243,0.668,1.251,1.733
985.5,65.8,0.182,0.558,1.139,44.8553
431.5,61.9,0.128,0.581,1.257,12.2595
1408.3,111.2,0.259,0.824,1.443,179.6844
465.6,63.3,0.242,0.7,1.504,25.7532
1008.4,60.5,0.129,0.64,1.347,29.0095
921.4,115.8,0.179,0.698,1.2,86.1854
682.2,58.5,0.182,0.615,1.391,24.9136
1110.0,28.3,0.262,0.638,1.42,28.6875
1183.2,32.3,0.23,0.566,1.216,31.741
941.7,18.7,0.221,0.626,1.463,12.9189
1232.8,8.1,0.223,0.724,1.087,11.5064
1574.8,56.4,0.14,0.466,1.055,42.6104
717.3,94.2,0.162,0.768,1.111,58.7035
862.2,90.1,0.09,0.563,1.128,27.0723
99.0,11.6,0.253,0.723,1.489,1.0945
1290.0,71.8,0.175,0.707,1.262,70.4469
870.7,25.3,0.176,0.711,1.187,18.0165
700.1,113.4,0.134,0.693,1.265,45.2137
223.0,26.7,0.126,0.834,1.247,3.8926
1432.3,78.2,0.209,0.653,1.201,98.7432
680.4,44.5,0.131,0.743,1.119,20.4317
1117.5,79.9,0.094,0.732,1.378,34.5887
307.0,54.2,0.249,0.545,1.118,15.669
1541.6,93.1,0.163,0.563,1.438,71.0572
351.2,33.8,0.164,0.62,1.151,8.1354
383.3,109.4,0.175,0.561,1.416,22.555
1385.7,64.0,0.259,0.597,1.453,73.2162
1467.1,92.7,0.151,0.606,1.113,86.7448
402.5,103.2,0.247,0.692,1.093,50.3939
794.1,119.9,0.287,0.538,1.525,74.7891
1194.9,33.1,0.225,0.772,1.282,41.5739
1415.1,40.1,0.175,0.625,1.365,35.275
656.2,36.0,0.245,0.732,1.062,30.9486
865.9,37.4,0.181,0.483,1.189,18.4728
1207.4,73.2,0.171,0.638,1.303,57.4096
1191.3,119.3,0.196,0.461,1.493,66.7281
1270.1,118.9,0.15,0.72,1.186,106.6863
946.3,67.0,0.103,0.587,1.438,20.6809
239.0,79.6,0.171,0.83,1.381,15.1685
1454.0,104.3,0.107,0.58,1.108,65.8977
1395.7,112.5,0.17,0.676,1.197,116.9488
1293.1,30.8,0.203,0.553,1.169,29.6715
231.8,67.2,0.285,0.698,1.271,18.9142
390.7,101.3,0.088,0.637,1.368,12.5817
1210.3,42.0,0.217,0.598,1.267,40.3902
115.2,57.3,0.181,0.531,1.172,4.1995
1568.4,118.4,0.084,0.495,1.398,42.8485
653.3,118.3,0.135,0.498,1.342,30.0371
1173.4,109.5,0.106,0.85,1.31,68.5588
1429.1,97.4,0.128,0.615,1.327,64.0598
679.8,38.1,0.14,0.451,1.161,10.9277
565.1,43.9,0.168,0.831,1.39,19.3301
1005.3,69.3,0.196,0.458,1.244,39.0014
963.1,70.8,0.08,0.617,1.232,21.1943
701.9,64.6,0.116,0.737,1.125,26.7319
994.7,79.3,0.101,0.816,1.348,37.4142
1501.8,53.7,0.201,0.735,1.351,68.417
790.8,91.9,0.152,0.635,1.22,44.6056
379.0,45.4,0.201,0.84,1.48,15.2285
653.4,45.0,0.129,0.466,1.473,9.3092
679.0,22.2,0.085,0.845,1.105,7.6013
279.3,29.1,0.287,0.79,1.398,10.2262
327.6,103.3,0.104,0.822,1.247,17.9984
1120.5,58.0,0.108,0.552,1.55,19.3919
596.0,33.5,0.112,0.507,1.163,7.5629
1531.4,93.0,0.296,0.715,1.19,196.5043
450.3,70.0,0.216,0.656,1.271,27.2623
230.4,10.4,0.214,0.659,1.184,2.2142
1225.3,43.4,0.297,0.82,1.396,71.9725
1419.2,27.8,0.099,0.698,1.29,16.396
502.7,81.5,0.294,0.574,1.16,46.24
387.2,38.8,0.125,0.61,1.303,6.8204
362.4,15.3,0.217,0.503,1.494,3.1427
873.5,14.2,0.172,0.527,1.446,6.0321
792.0,73.2,0.164,0.507,1.299,28.7891
474.3,10.4,0.285,0.774,1.194,7.07
148.7,103.1,0.113,0.732,1.14,8.6299
811.9,25.4,0.299,0.662,1.489,21.2677
1538.2,75.9,0.163,0.6,1.405,63.0474
1071.8,57.8,0.223,0.717,1.336,57.5187
833.2,57.6,0.293,0.775,1.49,56.742
248.3,16.0,0.093,0.802,1.111,2.0691
463.7,97.9,0.283,0.669,1.391,47.9352
528.1,108.0,0.205,0.778,1.158,60.9417
1242.5,9.2,0.235,0.655,1.11,12.2976
1412.6,28.0,0.113,0.64,1.283,17.2965
1450.5,109.2,0.197,0.796,1.244,154.8992
1576.5,69.5,0.228,0.605,1.521,77.0885
1573.2,24.8,0.18,0.608,1.212,27.3312
1528.6,30.7,0.114,0.572,1.457,16.2938
189.2,81.9,0.134,0.657,1.424,7.4322
289.4,89.2,0.268,0.668,1.384,25.9053
542.8,75.1,0.088,0.714,1.51,13.1593
920.4,114.8,0.236,0.622,1.254,95.9562
227.4,63.3,0.3,0.537,1.245,14.4501
1365.6,41.6,0.082,0.797,1.13,25.4894
1017.5,61.5,0.115,0.588,1.188,27.6324
904.4,48.3,0.228,0.819,1.49,42.4708
331.3,33.1,0.093,0.533,1.287,3.2767
464.9,13.1,0.21,0.674,1.221,5.477
323.7,47.4,0.23,0.665,1.158,15.7221
1374.9,87.7,0.209,0.781,1.292,118.1831
968.0,10.1,0.16,0.506,1.408,4.3613
1197.4,57.2,0.233,0.814,1.193,84.4744
530.0,80.1,0.211,0.663,1.429,32.242
644.3,76.4,0.126,0.684,1.365,24.1116
695.4,95.0,0.204,0.654,1.444,47.3531
1235.2,98.8,0.274,0.464,1.175,102.4412
1254.0,87.7,0.227,0.649,1.366,92.0167
394.4,19.5,0.184,0.555,1.127,5.4064
1511.1,61.2,0.151,0.587,1.232,51.6177
263.4,75.6,0.099,0.71,1.412,7.6904
1442.1,35.5,0.134,0.649,1.366,25.2855
232.6,12.8,0.082,0.487,1.144,0.8063
482.1,33.0,0.297,0.479,1.479,11.872
1366.6,58.9,0.129,0.524,1.077,39.1933
352.8,54.4,0.259,0.526,1.348,15.0478
708.6,27.8,0.117,0.693,1.542,8.0358
763.8,100.3,0.142,0.521,1.316,33.4119
452.8,111.7,0.172,0.803,1.45,37.3754
1159.6,30.6,0.151,0.534,1.348,16.4667
1374.0,112.1,0.256,0.486,1.442,103.0987
1409.4,10.0,0.291,0.8,1.378,18.4722
595.8,111.6,0.273,0.568,1.396,57.2981
886.9,114.6,0.114,0.62,1.164,47.8798
457.6,9.3,0.251,0.834,1.421,4.8637
452.1,93.5,0.113,0.828,1.169,26.2476
325.1,116.7,0.281,0.736,1.54,39.5277
1508.8,109.5,0.194,0.478,1.164,102.1109
1429.7,116.7,0.154,0.687,1.168,117.2466
1261.6,69.6,0.115,0.846,1.479,44.8106
866.8,16.8,0.083,0.829,1.171,6.6383
825.7,103.2,0.135,0.492,1.23,35.6981
885.2,76.7,0.281,0.608,1.407,63.9591
895.6,76.9,0.255,0.576,1.129,69.5119
740.5,54.7,0.293,0.502,1.13,40.903
280.3,72.0,0.102,0.728,1.293,8.9916
271.0,25.2,0.21,0.56,1.172,5.3162
1527.4,90.9,0.137,0.588,1.168,74.2885
812.7,16.4,0.199,0.486,1.055,9.479
1528.9,89.7,0.151,0.649,1.235,84.426
328.6,103.1,0.142,0.513,1.209,15.8364
922.7,60.9,0.206,0.623,1.066,52.4838
395.7,65.1,0.12,0.507,1.361,8.9336
464.8,43.0,0.183,0.832,1.363,17.3206
125.7,116.6,0.223,0.508,1.085,11.872
260.8,90.1,0.108,0.659,1.209,10.7316
1473.6,49.3,0.285,0.529,1.486,57.1818
568.7,27.6,0.191,0.481,1.341,8.3424
1004.4,32.6,0.26,0.531,1.256,27.9224
786.8,60.0,0.224,0.472,1.283,30.1807
688.7,113.6,0.236,0.506,1.154,62.808
888.5,90.2,0.238,0.647,1.456,65.7557
364.6,32.1,0.273,0.711,1.507,11.6947
1582.7,104.3,0.215,0.485,1.505,88.7312
1323.8,50.4,0.141,0.626,1.162,39.3179
1207.3,103.4,0.102,0.682,1.205,55.9092
792.5,35.1,0.213,0.544,1.13,22.1287
312.4,77.3,0.095,0.599,1.204,8.8545
1479.4,111.8,0.133,0.479,1.216,67.225
598.9,36.9,0.093,0.538,1.367,6.2752
156.2,85.6,0.201,0.637,1.145,11.5994
600.5,118.6,0.115,0.846,1.51,35.5991
1287.6,24.9,0.214,0.849,1.102,41.0081
1026.5,17.9,0.254,0.842,1.053,28.952
1221.3,83.5,0.261,0.619,1.477,86.5385
1286.3,46.1,0.148,0.482,1.402,23.4074
402.2,16.0,0.201,0.579,1.228,4.7314
1484.2,61.2,0.204,0.545,1.348,58.1206
745.7,92.4,0.184,0.456,1.162,38.5978
1051.3,39.9,0.224,0.488,1.134,31.3692
83.5,45.5,0.126,0.631,1.286,1.8222
1589.9,102.7,0.295,0.586,1.227,178.4699
507.0,66.2,0.102,0.522,1.358,10.2091
