Area,Thickness,Porosity,So,Bo,N
3268313.8,16727.9,0.09016,0.88647,1.15392,23.81769
3132268.5,16319.4,0.18679,0.60354,1.1466,31.60955
3313409.3,16511.3,0.21128,0.70339,1.15603,44.23367
3332643.4,17150.4,0.11522,0.85527,1.19669,29.60207
3040096.2,16765.8,0.16071,0.48677,1.33701,18.75682
3105741.8,16971.4,0.31704,0.83761,1.42984,61.5687
3250418.9,17172.5,0.0839,0.40365,1.31761,9.02284
3205490.4,16535.5,0.1886,0.70665,1.26887,35.01556
3235785.3,17225,0.28224,0.78056,1.22944,62.81597
3151181.5,16994.9,0.15774,0.68803,1.38128,26.4649
3326455.1,16011.3,0.19515,0.62254,1.38986,29.28158
3316175.4,17643.2,0.31473,0.68954,1.16722,68.41971
3244165.6,16458.7,0.19397,0.43342,1.43137,19.72445
3351529.7,15755.1,0.11142,0.46856,1.20805,14.35267
3284783.7,16126.9,0.09241,0.49844,1.37003,11.20201
3150549.3,16141.6,0.3069,0.67878,1.43673,46.37667
3274792.2,16795.8,0.14379,0.59305,1.33146,22.15654
3140473.6,16597.1,0.20098,0.48446,1.11462,28.63641
3326359.2,16558.7,0.10177,0.83555,1.28445,22.93378
3232434.1,17141.8,0.18168,0.55566,1.09751,32.05537
3218782.4,16971.2,0.30323,0.59532,1.36566,45.41438
3168594.5,16956.7,0.20058,0.57534,1.16253,33.54504
3361171.4,17013.8,0.31307,0.45007,1.32809,38.1599
3221851.2,17139.6,0.14212,0.75239,1.41404,26.26427
3194150.6,15479,0.20109,0.59665,1.1224,33.2414
3201859.3,16541.8,0.28629,0.35894,1.20714,28.35764
3291339.6,15434.9,0.18758,0.88021,1.30885,40.30683
3274457.6,16786,0.14708,0.79867,1.21786,33.34392
3279241.9,16761.2,0.28531,0.74796,1.11993,65.87266
3281071.9,17401.4,0.17357,0.828,1.06163,48.61354
3454158.6,17488,0.20737,0.84874,1.21264,55.14391
3196367.6,16887.6,0.31437,0.53562,1.30968,43.64837
3185660.8,16459,0.12476,0.68603,1.27959,22.05719
3155154.6,17059.8,0.15234,0.68484,1.1125,31.74729
3299804.6,16442.2,0.08746,0.49701,1.23028,12.05658
3351704.9,16763.2,0.17404,0.47207,1.19779,24.23929
3225956.9,17365.1,0.12804,0.41265,1.15968,16.05298
3152485.3,16424,0.24321,0.71262,1.34171,42.06575
3154071.2,17255.1,0.12352,0.77951,1.17386,28.0761
3303306.5,17176.9,0.24196,0.76852,1.26606,52.41443
3312681.2,16182,0.14323,0.52395,1.41929,17.82766
3292436.8,17357.7,0.16525,0.46289,1.26571,21.72301
3170154.6,17189.8,0.16373,0.59949,1.29681,25.94137
3260973.2,16826.1,0.25202,0.65075,1.0793,52.4391
3249290.4,16299.3,0.19196,0.8555,1.12125,48.7871
3259610.2,16240.2,0.16671,0.83115,1.09038,42.31007
3325648.8,16436.2,0.28463,0.85383,1.35593,61.61869
3260106.6,17094.8,0.21727,0.81764,1.38437,44.98014
3306171.8,16181.5,0.13132,0.88052,1.12458,34.59686
3244322.2,17030.7,0.29602,0.60602,1.13771,54.79703
3266735.8,16007,0.16224,0.37611,1.17928,17.01714
3301353.5,16639.6,0.08936,0.39596,1.28643,9.50243
3090062.6,16830.8,0.1987,0.56465,1.29872,28.25938
3205143.6,18254.6,0.10975,0.49173,1.3247,14.9909
3189896.9,15924.4,0.13723,0.44347,1.41208,13.7694
3172849,17661.3,0.25931,0.87426,1.16802,68.40636
3209648.6,16855.3,0.11138,0.45748,1.3135,13.19966
3388730.5,17014.7,0.27367,0.87766,1.27389,68.3743
3149887.8,16836.1,0.30486,0.76846,1.17233,66.6534
3335447.2,17035.1,0.22557,0.70252,1.41297,40.07928
3067226.8,16670.3,0.25049,0.72181,1.08819,53.43276
3203604.3,17650.4,0.25126,0.53231,1.3348,35.63559
3253951.1,16485.7,0.31827,0.70553,1.34115,56.49093
3296794.1,17454.2,0.16197,0.45268,1.41613,18.73829
3309440.9,16371.2,0.11909,0.86574,1.25743,27.93914
3317749.2,16727.3,0.2046,0.51599,1.17865,31.26405
3202204.1,16110.5,0.20798,0.49035,1.3811,23.95973
3190708.4,17041.4,0.1227,0.74114,1.35832,22.89531
3324287.8,17644.9,0.22715,0.71105,1.25013,47.6635
3218130.6,16716.8,0.08339,0.59821,1.35714,12.43712
3108422.2,16644,0.30264,0.69785,1.15715,59.38962
3122828.9,16084.5,0.1435,0.43772,1.2858,15.43271
3144462.9,16624.2,0.08949,0.72033,1.39607,15.18184
3287783.6,15793,0.10598,0.49884,1.17719,14.66624
3251894.6,16207.5,0.13766,0.50006,1.24342,18.35189
3307342.5,16902.2,0.14574,0.4392,1.43042,15.73295
3194259.4,17568.1,0.08787,0.53281,1.36928,12.06841
3253524.8,18476.5,0.14705,0.53219,1.40482,21.0614
3300777,16406.4,0.12631,0.5998,1.2041,21.42961
3206188.1,17639,0.17087,0.45473,1.4486,19.07864
3283697.7,16912.6,0.17244,0.45615,1.11103,24.72956
3170517.2,16671.8,0.16136,0.64796,1.25751,27.64174
3200754.5,17027.7,0.1587,0.42088,1.24171,18.43946
3198864.2,16801.7,0.10154,0.72889,1.36937,18.26953
3116500.4,16831.3,0.08605,0.86917,1.41345,17.45718
3286752.8,16515.1,0.12851,0.58474,1.34246,19.10971
3189995,15911.7,0.2616,0.84561,1.30073,54.29225
3238749.2,15823,0.31779,0.40407,1.22097,33.89885
3286123,17162.2,0.30285,0.37363,1.25413,32.00307
3282661.3,16595.3,0.20101,0.74675,1.25372,41.0231
3304803.1,16400.6,0.20764,0.76856,1.05815,51.41169
3227521.2,16769.2,0.1555,0.81368,1.25122,34.42302
3194659.5,17248.6,0.26575,0.38125,1.39239,25.21798
3229419.9,16873.9,0.26354,0.7773,1.33371,52.64223
3066775.1,16364.1,0.28263,0.5571,1.36828,36.32082
3091078.7,17511.5,0.29492,0.51684,1.20619,43.02222
3103665.8,17726.7,0.18424,0.44516,1.26159,22.49641
3136592.3,17065.5,0.26405,0.89781,1.06339,75.05331
3277930.9,17357.5,0.27354,0.38501,1.2032,31.3227
3145876.5,17521.1,0.15403,0.80485,1.23977,34.666
3199225.9,17452.9,0.30302,0.70172,1.15208,64.81558
3368929.9,17138.4,0.10264,0.75429,1.0625,26.46162
3201441.4,17128.8,0.31862,0.74144,1.32616,61.43972
3312100.6,17080.8,0.26482,0.82214,1.22404,63.28976
3143029.7,16095.1,0.10239,0.45109,1.21627,12.08156
3216700.7,17191.2,0.2375,0.35045,1.14999,25.17226
3141370.1,15937.5,0.0882,0.67919,1.26513,14.91062
3203184.7,16279.6,0.26484,0.54462,1.22521,38.61173
3322500.3,17558.7,0.27181,0.41808,1.23959,33.63779
3062729.7,17276.2,0.22458,0.45238,1.28235,26.36548
3281436.4,17670.7,0.28565,0.53246,1.05253,52.70094
3261537.2,16598.4,0.10349,0.38863,1.41308,9.69126
3177374.1,16061.6,0.14622,0.3813,1.07843,16.59439
3091185.4,16617.4,0.1794,0.85381,1.23037,40.22189
3244782.6,16826.2,0.09019,0.52166,1.13295,14.26004
3183915.6,16812.2,0.18757,0.89023,1.25951,44.63419
3261025.3,17455.1,0.14365,0.8804,1.16209,38.96217
3239696,16543.8,0.17426,0.42841,1.394,18.05281
3399539.4,16978.6,0.18202,0.74321,1.20854,40.63659
3213269.2,16161.3,0.29106,0.68044,1.3055,49.54913
3133936.5,17038.5,0.14488,0.72986,1.14955,30.89309
3255622.7,16765.9,0.2945,0.40291,1.05776,38.51015
3259742.5,16306.9,0.18223,0.45371,1.21166,22.81362
3374996.1,16620.2,0.15867,0.39215,1.26459,17.35942
3321974.5,16651.7,0.2006,0.68227,1.23382,38.59376
3273590.3,16599.3,0.18026,0.89263,1.43481,38.32683
3385529.6,17843.8,0.14177,0.71959,1.33274,29.0841
3117216.3,16704,0.20064,0.74092,1.44827,33.6163
3172760.6,16615.3,0.11643,0.89152,1.16802,29.46573
3143742.1,15485.4,0.16446,0.72291,1.36562,26.65672
3198047.5,16218.9,0.21579,0.3721,1.27222,20.58969
3098203.9,16603.6,0.17922,0.82685,1.2947,37.03134
3301744.3,16345.9,0.27774,0.55057,1.44434,35.93779
3215002.6,17606.3,0.14161,0.3524,1.31159,13.54585
3088681.6,16663.5,0.31275,0.62898,1.40953,45.17607
3134737.6,17549.4,0.26833,0.86536,1.3403,59.94456
3269203.8,16801.6,0.31222,0.49153,1.10095,48.15666
3322279.6,16786.7,0.28115,0.62033,1.32977,46.00539
3439497.2,16709.9,0.1141,0.44558,1.24373,14.77705
3532284.7,16766.3,0.20635,0.38173,1.41752,20.69875
3279411.5,17811.8,0.12079,0.3943,1.37273,12.74702
3137372.2,15350,0.27637,0.74986,1.09165,57.5018
3021783,15543.9,0.2202,0.82524,1.10357,48.64482
3264569.9,16432.9,0.14323,0.42881,1.07784,19.22638
3155238.7,16772.9,0.3031,0.50858,1.2473,41.13699
3195462.9,17184.7,0.10764,0.45727,1.08231,15.70735
3175558.4,17052.4,0.21533,0.36477,1.33947,19.97135
3223241.1,16529.8,0.25305,0.65439,1.27094,43.66073
3345331.9,17385.2,0.09412,0.73496,1.38435,18.27889
3253374,17392,0.22349,0.70633,1.16192,48.34857
3221435.8,16876.2,0.27582,0.56343,1.25766,42.25117
3132706.6,17350.8,0.09621,0.65526,1.09699,19.64577
3068055.1,16930.2,0.20294,0.40175,1.40384,18.97354
3188284.7,16421.7,0.14205,0.43487,1.12,18.16281
3232043.9,17189.4,0.2391,0.86249,1.09094,66.05222
3416349.1,16831.4,0.10848,0.76883,1.13202,26.64624
3250665.2,16764.8,0.30489,0.85751,1.37249,65.2923
3336910.3,17661.9,0.29473,0.85417,1.09233,85.43287
3186970.7,15269.9,0.12463,0.70717,1.29577,20.81909
3117602.7,15899.8,0.15758,0.86053,1.34847,31.35199
3139842.9,16040.4,0.22103,0.57919,1.35043,30.02902
3164113,16542.6,0.25233,0.35199,1.12602,25.96751
3452825.4,16608.8,0.18624,0.38441,1.07465,24.02863
3154384.3,15845.1,0.11751,0.41022,1.22952,12.32481
3322316.3,16163.4,0.105,0.40244,1.13099,12.61862
3146134.7,16239.2,0.31994,0.54344,1.32971,42.01705
3331733.7,18262,0.18928,0.7357,1.19268,44.68163
3276431.2,17862.3,0.28941,0.78486,1.22974,67.98968
3221637.9,16513,0.19577,0.67462,1.09539,40.34163
3233361.1,16542.4,0.30137,0.43054,1.27702,34.1805
3171239.3,16063.4,0.10106,0.76135,1.12421,21.92847
3282614.9,15600.8,0.10736,0.54514,1.32159,14.26448
3191453.8,16692.7,0.30311,0.35715,1.07847,33.63375
3113488.9,16155.7,0.3074,0.50432,1.44036,34.05108
3108194.4,16712.3,0.15553,0.53183,1.32381,20.414
3254946.1,15788.5,0.16524,0.50084,1.12269,23.82595
3397244,16299.5,0.18859,0.79653,1.05564,49.55856
3253671.7,16854.6,0.17988,0.76796,1.18379,40.24896
3225482.3,16987.2,0.12561,0.73255,1.11113,28.53896
3266402.6,17018.5,0.29561,0.42645,1.13736,38.75237
3369615.2,15959,0.14079,0.79431,1.3991,27.0351
3259680.4,17285,0.24927,0.72245,1.29128,49.42067
3195911.1,16276.2,0.09612,0.45716,1.12058,12.82895
3349409.9,17149.8,0.0893,0.70645,1.27266,17.90878
3280863,16757.5,0.2369,0.61593,1.15231,43.78581
3392859.7,15925,0.16136,0.59164,1.44048,22.52264
3256023.2,16571.2,0.23731,0.41167,1.0631,31.18514
3113603.9,16986.7,0.10257,0.63507,1.34293,16.13455
3099066.5,17137.7,0.30796,0.40496,1.3592,30.65009
3404511.8,16678.1,0.25964,0.44034,1.07687,37.91585
3411870.8,17697.8,0.2903,0.4229,1.11875,41.67613
3219322.9,17378.2,0.11275,0.87476,1.20372,28.83208
3198717.5,16607.5,0.15684,0.50668,1.39726,19.00218
3385341.5,17221.3,0.1684,0.54536,1.2648,26.62545
3125483.8,17942.8,0.20892,0.52714,1.31212,29.6049
3146964.3,17959.1,0.15125,0.84404,1.36321,33.28781
3302571.4,16015.4,0.09455,0.65963,1.38125,15.02119
3197562.4,16199.2,0.16853,0.85554,1.24051,37.86572
3236967,17669.2,0.14109,0.51496,1.25352,20.85049
3220949.4,16118.9,0.17262,0.41316,1.3372,17.41605
3271638,15957.8,0.12727,0.65592,1.15534,23.72597
3379882.1,16467.6,0.14286,0.54005,1.3918,19.40438
3246649.7,17020.2,0.23047,0.79105,1.05831,59.87099
3302633.3,16701.6,0.17316,0.83368,1.12831,44.38618
3030066.3,16367.4,0.16289,0.60992,1.37008,22.61897
3232556.2,16353,0.20814,0.88425,1.1861,51.58957
3152174.3,16329.8,0.26525,0.65416,1.10993,50.61066
3114176.1,16227.9,0.17093,0.49901,1.1247,24.10481
3148641.2,18154.9,0.221,0.61894,1.2623,38.9599
3203681.4,16945.4,0.31189,0.37052,1.38847,28.41789
3330148.3,17304.6,0.20528,0.7922,1.07826,54.6625
3103292.1,16465.9,0.29835,0.40579,1.06219,36.63107
3240584.2,16650.6,0.27048,0.51981,1.23607,38.60225
3188501,16329,0.09409,0.66092,1.43247,14.21619
3204334,15147.5,0.18298,0.37364,1.1616,17.968
3338935.6,15924,0.2476,0.39362,1.43367,22.73285
3291927,15660.2,0.31681,0.73286,1.40507,53.5785
3372791.6,15392.5,0.19001,0.38948,1.16325,20.77311
3221853.6,16035.3,0.10227,0.6124,1.37678,14.7812
3167075.6,17571.7,0.21488,0.53628,1.32435,30.4566
3214837,16736.9,0.11038,0.47544,1.25473,14.15378
3262018.9,17550.7,0.26036,0.45383,1.21917,34.89871
3255349.3,17014.5,0.20184,0.76988,1.3762,39.33564
3127776.1,17241,0.25362,0.87335,1.36723,54.94791
3246640.1,16214.8,0.28865,0.4271,1.35277,30.174
3260575.3,17083.4,0.23095,0.87782,1.4493,49.00582
3492181.5,17208.2,0.22699,0.67712,1.2414,46.79502
3427368.2,16412.5,0.2611,0.70291,1.37277,47.29963
3151161.3,17105.1,0.28219,0.74046,1.39499,50.77891
3208410.2,17109.1,0.28857,0.73727,1.13464,64.73754
3089426.6,16429,0.08874,0.8009,1.06683,21.26785
3177722.5,16079.6,0.21349,0.61591,1.2119,34.86784
3269415.3,16042.2,0.1319,0.64335,1.39269,20.10015
3359483,16816.7,0.28648,0.5281,1.16564,46.11957
3163722.7,16963.3,0.23562,0.40789,1.33,24.3906
3171304.2,16280.9,0.18085,0.71555,1.05294,39.91143
3020240.9,16780.2,0.12515,0.36849,1.19215,12.32993
3221028,17111.8,0.16137,0.5016,1.29621,21.64716
3129999.2,17140.8,0.24891,0.40183,1.1019,30.62847
3183921,17710,0.12905,0.4549,1.40864,14.77948
3148771.9,17542.4,0.10246,0.7013,1.11251,22.43901
3227948.5,16153.6,0.29313,0.69566,1.41392,47.29805
3059653.3,17790.3,0.26341,0.58158,1.13656,46.14501
3089062.1,16440.3,0.12795,0.39959,1.44771,11.28066
3452904.1,17401,0.15015,0.58836,1.2919,25.84193
3107234.8,16805.4,0.3133,0.54401,1.08374,51.65109
3126521.8,16512.8,0.24996,0.74625,1.07611,56.28656
3423328.3,15662,0.22653,0.66846,1.07997,47.28218
3531394.9,16659.4,0.15383,0.62036,1.28596,27.45899
3118956.1,15813.4,0.15179,0.61784,1.37383,21.17568
3200228.9,17353.7,0.08949,0.88146,1.21119,22.74765
3272040.8,17688.6,0.25484,0.76596,1.22793,57.86584
3412379.9,16278.2,0.09036,0.62334,1.28572,15.30546
3137643.4,16948.1,0.08117,0.61357,1.26322,13.18567
3212670,16321.8,0.25508,0.36456,1.32522,23.14245
3316129.5,16380.9,0.30773,0.86838,1.23871,73.70445
3281471,17236.1,0.26156,0.52555,1.33554,36.61425
3199428.9,16740.5,0.19319,0.49077,1.44892,22.04348
3223946.1,17824.5,0.19665,0.89967,1.19012,53.72951
3098385,16470,0.18467,0.74528,1.05489,41.8758
3213388.8,17373.2,0.15791,0.37605,1.10025,18.95118
3210534.3,16823.4,0.20521,0.38404,1.27141,21.05708
3260974.1,17249.1,0.18348,0.36403,1.1877,19.8946
3181301.9,16491.4,0.22356,0.67979,1.42599,35.16673
3285191.4,16733.8,0.29555,0.38936,1.30098,30.5832
3339943,16693.6,0.3188,0.86336,1.25814,76.71695
3253210.1,16254.3,0.0989,0.8653,1.36922,20.78652
3273072.8,17167.6,0.17232,0.65033,1.15344,34.33748
3242862.9,17160.4,0.12337,0.68915,1.3779,21.59628
3237493.7,17125.8,0.16451,0.51054,1.05122,27.8614
3164484.1,17700.9,0.14899,0.38518,1.29787,15.57834
3269505.3,17647.5,0.12189,0.7556,1.4239,23.47256
3227642.5,16535.4,0.26338,0.40598,1.36514,26.29218
3449253.9,16991.4,0.19911,0.39706,1.39145,20.94339
3396663.7,16383.9,0.30062,0.52117,1.20878,45.36654
3276521.8,16778.2,0.08782,0.35686,1.3797,7.85399
3160285.6,16398.4,0.09607,0.58872,1.27033,14.51259
3124940.9,17751.6,0.17679,0.73922,1.29742,35.14312
3357994.8,16985.7,0.09927,0.79074,1.07357,26.22948
3264067.8,16631.1,0.14306,0.68237,1.13062,29.47831
3286061.9,17491.6,0.31665,0.81578,1.27039,73.50832
3060982.9,15440.8,0.13015,0.57358,1.07352,20.67157
3331315.4,15536.2,0.12755,0.81682,1.34658,25.18542
3283459.5,17249.1,0.21767,0.62856,1.38602,35.16405
3125141.3,16800.9,0.19952,0.47267,1.41814,21.96044
3189780.3,16916.7,0.21931,0.86928,1.09071,59.3189
3264165.8,15955.4,0.17042,0.50123,1.42589,19.62295
3242793.3,16749.8,0.27842,0.36441,1.07705,32.18164
3207925.8,17985.3,0.11326,0.48347,1.23962,16.02931
3227015.1,17266.4,0.18281,0.55168,1.3861,25.49892
3211992.2,16867.5,0.24554,0.54324,1.07812,42.15926
3252920.1,16496.4,0.28838,0.63857,1.05729,58.78277
3386358.1,16523.5,0.1687,0.83572,1.05998,46.80824
2977812.7,15466,0.21626,0.51079,1.25451,25.50546
3213522.7,16921.1,0.09659,0.63642,1.37464,15.29439
3255343.1,17279.4,0.12088,0.53708,1.10097,20.86148
3267431.3,15803.5,0.09659,0.80198,1.09984,22.87457
3199858,16360.8,0.25469,0.43668,1.27742,28.668
3059755.1,16058.4,0.14913,0.40693,1.14372,16.39779
3270668.9,16175.5,0.2537,0.62665,1.34209,39.41608
3412243.6,16796.6,0.09594,0.71954,1.42985,17.40285
3082302.2,15493.3,0.28701,0.78754,1.35641,50.05146
3324879.8,17138.5,0.28053,0.67429,1.40087,48.39394
3204247.8,17223.6,0.10134,0.77562,1.25783,21.69118
3231280.9,16610.9,0.0857,0.56599,1.38293,11.84088
3130961.9,15251.8,0.09351,0.36808,1.12316,9.20378
3203647.7,16156.6,0.28487,0.41385,1.07734,35.62503
3369012.5,17515.6,0.13633,0.3713,1.31238,14.31508
3296433.2,15070.5,0.21159,0.53092,1.07078,32.7796
3412745.5,16552.1,0.1823,0.62252,1.40699,28.65632
3356605.6,16044.7,0.27093,0.54597,1.32662,37.76804
3281908.2,17254.5,0.19734,0.65833,1.43088,32.33632
3413921.5,16352.5,0.20016,0.61434,1.17555,36.72739
3281898.7,17010.3,0.31738,0.72287,1.24446,64.73103
3321253.9,17108.7,0.11603,0.71683,1.34668,22.07309
3207480.6,17883.4,0.27937,0.52494,1.14711,46.12204
3244217.7,16640.3,0.09242,0.54042,1.26674,13.38739
3166925.8,16993.2,0.19464,0.67183,1.31379,33.68905
3337602.7,15858.7,0.29272,0.67804,1.44152,45.83579
3118274.5,17489.7,0.23965,0.52308,1.34788,31.90168
3316636.6,16300.4,0.24445,0.53167,1.09725,40.27591
3218196.7,16422.2,0.1432,0.73172,1.24013,28.08476
3355981.9,16750.4,0.18046,0.70608,1.28551,35.04413
3313451.6,15811.3,0.16798,0.42428,1.10865,21.18248
3421682.5,16903.5,0.20515,0.59257,1.22279,36.16491
3311418.6,17353.8,0.19093,0.84099,1.1636,49.87641
3078439.6,16942.6,0.15846,0.36997,1.09753,17.52194
3230711.4,15795.4,0.15332,0.82034,1.25482,32.16957
3118911.5,16688.5,0.1402,0.43975,1.11625,18.0818
3185050,17216.3,0.16761,0.62899,1.28621,28.26868
3390378.3,15619.2,0.11599,0.58339,1.11788,20.15994
3301985.3,16108.8,0.28931,0.35557,1.33944,25.69306
3166773.4,17298.3,0.22451,0.85347,1.1281,58.52112
3134925.9,16928.7,0.11211,0.60021,1.40851,15.94584
3240801.7,17015.1,0.24653,0.87485,1.06048,70.53367
3114404,17897.5,0.28344,0.50771,1.2588,40.07792
3169584.9,17049.6,0.13701,0.82645,1.17804,32.66922
3269051.6,17165,0.11614,0.85731,1.14003,30.82511
3354369.7,18416.5,0.08207,0.65626,1.23864,16.89421
3299074.4,16633.7,0.09134,0.46147,1.38681,10.49031
3005672.1,16277.6,0.26294,0.72689,1.41611,41.5313
3268278.3,17024.8,0.31692,0.65194,1.1713,61.73225
3244772.9,17031.6,0.09077,0.86949,1.1117,24.67653
3279359,16442.9,0.25954,0.5916,1.33806,38.91685
3400999.4,16134.7,0.09725,0.49768,1.2828,13.02125
3028744.4,18172.1,0.22211,0.42606,1.13041,28.97944
3177682.4,16963.2,0.26146,0.73425,1.35412,48.06455
3297268,16317.6,0.16621,0.88576,1.25757,39.61553
3077473,17322.4,0.08262,0.36559,1.31136,7.72321
3386809,16697.5,0.22285,0.75724,1.19374,50.27942
3274752.3,16609.8,0.3179,0.85981,1.22564,76.29403
3323135.2,17106.8,0.14183,0.39113,1.12214,17.67545
3179722,15976.5,0.12548,0.41059,1.35261,12.17012
3319814.8,16979,0.10974,0.73058,1.1128,25.54245
3345583.9,17930.1,0.21326,0.70638,1.36132,41.75057
3261045.7,17048.2,0.22315,0.38786,1.3692,22.10265
3261199.8,16534.7,0.27015,0.80893,1.34864,54.95444
3264836.1,16454.9,0.26074,0.63788,1.05777,53.12839
3150139.3,16513.9,0.29421,0.84896,1.15925,70.4954
3222559.5,16609.2,0.27339,0.83289,1.23734,61.95046
3222054.2,16533.7,0.13934,0.79688,1.28822,28.88095
3276273.6,17322.6,0.21341,0.63374,1.41769,34.05328
3338638.8,15707.4,0.15138,0.48844,1.20024,20.31889
3130391.5,17289.5,0.15915,0.62829,1.40001,24.31234
3224837.8,16532.5,0.30367,0.40545,1.11537,37.01479
3387366.1,16993.8,0.24366,0.71237,1.19851,52.43304
3162255.3,16077,0.3139,0.42369,1.07091,39.71036
3154296.9,17573.9,0.18006,0.63115,1.347,29.41484
3257952.7,17523.3,0.20899,0.37991,1.11026,25.67731
3322912.8,17349,0.19691,0.51473,1.15281,31.87839
3238641.1,15840.6,0.10575,0.47764,1.36009,11.98294
3371938,17269.4,0.13681,0.69102,1.26389,27.39482
3324168.2,17010.8,0.20663,0.78273,1.05559,54.49321
3322653.3,15785.4,0.09617,0.38152,1.05089,11.51733
3293545.9,16749.2,0.30355,0.81766,1.25426,68.65743
3472977.1,16986.2,0.10972,0.82342,1.17198,28.60309
3216728.6,17103,0.12752,0.53825,1.12212,21.16446
3034786,16872.1,0.26368,0.71245,1.29544,46.70085
3399789.8,16941.5,0.10326,0.57144,1.14137,18.7289
3191179,17662.3,0.29607,0.4348,1.28688,35.46181
3248399.6,17511.4,0.25417,0.64076,1.20171,48.48734
3369974.2,15016.2,0.09647,0.3975,1.1247,10.85154
3075382.3,16570.5,0.24604,0.83316,1.10524,59.44754
3110854.2,16663.6,0.23159,0.85836,1.14474,56.61719
3075481.6,15695.9,0.26176,0.80189,1.06193,60.01266
3157141.2,16821.4,0.27877,0.65939,1.17325,52.33201
3281963.8,17525.2,0.2524,0.65668,1.41078,42.50154
3290518,16101.6,0.22068,0.89153,1.38254,47.42172
3265436.2,16969.1,0.15739,0.48635,1.1988,22.25331
3094553.6,16205.7,0.24735,0.39177,1.28033,23.87247
3003768.7,16354.4,0.30967,0.65907,1.27694,49.38326
3242984.2,17664.6,0.22101,0.53083,1.3815,30.59684
3189754.9,16433.3,0.23944,0.52729,1.14452,36.36841
3283961.8,17045.8,0.18491,0.3539,1.16855,19.71612
3308502.8,15623.3,0.26147,0.67793,1.17071,49.22398
3251471.2,17899.3,0.31944,0.49522,1.06635,54.30248
3314388.9,17131.4,0.11849,0.45332,1.17588,16.31371
3260674.8,16652.7,0.12858,0.37224,1.40117,11.66555
3291112.5,17114.9,0.20947,0.5504,1.4148,28.86879
3166192.3,15904.6,0.19553,0.83343,1.09385,47.1847
3219313.6,17484.9,0.21718,0.53517,1.23322,33.36608
3257393.3,16566.5,0.09178,0.72349,1.20254,18.74084
3320499.2,16639.6,0.17703,0.7661,1.24574,37.83192
3197649.8,16464.3,0.21991,0.53046,1.27189,30.37004
3290212.4,16410,0.22045,0.8019,1.0581,56.73432
3210589.9,17187.5,0.23776,0.73053,1.3869,43.46594
3225593.2,16920,0.25285,0.65758,1.43947,39.64994
3321408.7,17161.3,0.23397,0.35055,1.31136,22.42201
3035844.4,16758.6,0.26966,0.3693,1.31418,24.24785
3106319.2,17076.8,0.22994,0.89498,1.26119,54.44029
3087530.4,16508.7,0.209,0.78026,1.18371,44.16544
3001389.9,18123.2,0.22549,0.86566,1.10959,60.18413
3168864.2,15808.2,0.10429,0.84627,1.28363,21.66205
3313306.4,17532.7,0.14556,0.36124,1.06798,17.9887
3208663,17597.9,0.20658,0.78552,1.3798,41.7657
3257495.8,16244.5,0.28952,0.59813,1.21836,47.30426
3347682.8,18123,0.24297,0.78426,1.2159,59.80086
3371809,17370.9,0.1017,0.35369,1.18087,11.22119
3230490.4,17356,0.22215,0.50851,1.43774,27.70716
3374429.3,16781.1,0.13322,0.76323,1.11997,32.33304
3246805.7,16631.6,0.25616,0.78616,1.11052,61.58983
3152764.4,16636.3,0.27859,0.69084,1.11621,56.87978
3177348.8,17002.1,0.22243,0.51569,1.31341,29.67323
3087697.2,17618.2,0.22193,0.5207,1.44676,27.32837
3147631.4,16874.5,0.16126,0.88172,1.14419,41.51424
3201264.1,16208.4,0.1871,0.59157,1.41225,25.57674
3318785,17266.6,0.28739,0.59592,1.16145,53.1442
3411577.8,17325.5,0.2536,0.65378,1.30916,47.08079
3097647.9,17163.1,0.20474,0.57523,1.0662,36.93593
3277228,17218.5,0.16838,0.65397,1.24826,31.30756
3132211.8,16598.8,0.09209,0.58778,1.31183,13.49289
3285510.9,16197.7,0.11432,0.80469,1.26453,24.35027
3224222.9,16234.7,0.12633,0.84998,1.14513,30.86966
3052249.8,15767,0.16961,0.86266,1.3814,32.06006
3331402.3,16908.4,0.30659,0.66036,1.43805,49.87919
3176276.4,16713.1,0.20124,0.59318,1.23368,32.30623
3183469.7,16495.8,0.13636,0.73788,1.30437,25.47826
3129256.8,14962.3,0.10538,0.81108,1.36617,18.42353
3171290.4,16003.6,0.16119,0.65964,1.1466,29.60163
3280775.4,17447.3,0.27578,0.73499,1.39578,52.28059
3218339,16358.8,0.172,0.76235,1.16208,37.3641
3270736.3,16983.8,0.2654,0.72202,1.36033,49.21565
3274101.3,15916.2,0.27265,0.76037,1.09484,62.06263
3371098.3,17641,0.1066,0.46475,1.16535,15.90096
3202805,16676.2,0.22608,0.62411,1.26345,37.51497
3088069.3,16940.8,0.31018,0.67355,1.25997,54.5588
3345457.5,18181.8,0.17651,0.35136,1.39017,17.06764
3203948,17688.4,0.09223,0.82078,1.44845,18.62818
3350250,16577.1,0.30159,0.68551,1.09288,66.07936
3276271.9,16402.4,0.29208,0.42102,1.15856,35.87537
3224217.8,16565.5,0.20531,0.799,1.19304,46.19082
3272771.3,17074.8,0.21254,0.74438,1.24157,44.78747
3434871.8,16699.9,0.13082,0.76706,1.24756,29.01861
3447616.2,16523.1,0.27667,0.56562,1.39248,40.26471
3244504.5,17658.4,0.19966,0.81981,1.35822,43.42692
3253691.8,16694.4,0.08813,0.57772,1.05754,16.44779
3346369.9,18165.8,0.24392,0.66378,1.23201,50.24703
3151928.4,16819.3,0.30812,0.35035,1.29723,27.74659
3271182.3,17852.3,0.279,0.70468,1.23416,58.5108
3234868.6,16981.8,0.14653,0.745,1.10226,34.2175
3269243.7,17351,0.0928,0.66191,1.20899,18.12611
3153172,16322.3,0.30568,0.62311,1.21466,50.76051
3076666.4,16243.5,0.3049,0.79547,1.12509,67.75853
3027758.5,17044.2,0.20778,0.72475,1.35252,36.13811
3124437.8,17366.6,0.23416,0.50294,1.17856,34.10161
3191080.3,16788.5,0.19102,0.87749,1.28559,43.9333
3207822.5,15979.8,0.18074,0.739,1.25629,34.2779
3433477.5,15934.8,0.10867,0.89337,1.40097,23.84505
3349380,15894,0.10322,0.88419,1.09881,27.81047
3140149,15686.5,0.13586,0.8554,1.09571,32.85835
3272663.3,16830.7,0.28079,0.76545,1.17013,63.63486
3196300.5,17449.8,0.115,0.68519,1.22249,22.61087
3208715.6,16755.8,0.13441,0.44469,1.16942,17.28343
3256234.8,15386.1,0.21167,0.64884,1.35527,31.93201
3300127.6,16647.7,0.13163,0.77096,1.14811,30.5429
3203161.9,16664.8,0.11917,0.63647,1.08391,23.49341
3345116.5,18041.7,0.2152,0.82753,1.21552,55.61125
3121953.6,15875.7,0.16834,0.41031,1.35935,15.83987
3238126.5,16525.8,0.23028,0.55952,1.39022,31.1929
3500295.5,17803.9,0.29893,0.62828,1.34334,54.79908
3260054.4,17038.3,0.11624,0.58778,1.27315,18.74781
3382485.5,17107.4,0.29922,0.40972,1.33968,33.30606
3246744.4,16833.9,0.2966,0.43444,1.32256,33.49134
3296243.2,16965.1,0.27898,0.81069,1.14375,69.54932
3231740.3,17238,0.23151,0.61641,1.2703,39.36148
3220244.8,16270.5,0.22884,0.3768,1.35824,20.91995
3158623.8,17299.3,0.23341,0.35907,1.17685,24.47501
3281019.3,15927,0.24572,0.61041,1.31159,37.58579
3151333.9,16964.2,0.08396,0.44041,1.24259,10.0051
3304823.3,16873,0.30994,0.73782,1.25126,64.09712
3347285.2,16388.3,0.22054,0.78743,1.08602,55.17128
3274567.6,16750.2,0.26755,0.47556,1.31649,33.34186
3208524.9,16384.5,0.17055,0.6757,1.39627,27.28869
3283413.5,16110.7,0.08298,0.43494,1.10657,10.85075
3206256.2,16548.4,0.20234,0.51697,1.19644,29.17562
3332135.8,16091,0.20173,0.83884,1.06947,53.35738
3052199.2,16960.8,0.18488,0.64925,1.06185,36.80526
3203531.3,16062.9,0.16153,0.83724,1.44586,30.27269
3036071.9,17198,0.13996,0.47389,1.24739,17.46138
3086227.7,16043.8,0.20661,0.53151,1.19221,28.68578
3375469,16418.8,0.17007,0.60902,1.15995,31.12477
3328052.3,16383.2,0.31278,0.61404,1.44201,45.67555
3164694.3,17571.8,0.1215,0.89871,1.1509,33.18416
3085474.7,16965.3,0.15672,0.41294,1.34028,15.89721
2937559.6,16634.9,0.15055,0.81858,1.1635,32.55373
3182498.9,17068,0.21039,0.82503,1.0782,55.00114
3482361.9,15479.5,0.19983,0.65426,1.32331,33.49573
3281483,16737.7,0.2345,0.53922,1.05065,41.57469
3180872.4,17981.7,0.308,0.63557,1.3203,53.33827
3284538,16844.7,0.14845,0.51086,1.15015,22.945
3079560.8,16805.4,0.24627,0.78951,1.34844,46.93346
3207404.5,17098.1,0.08601,0.62405,1.3579,13.63392
3247549.4,17310,0.14297,0.85921,1.33964,32.42168
3228774.2,15546.3,0.19129,0.69248,1.05979,39.46096
3317492.1,15738.5,0.08744,0.63288,1.33149,13.64809
3272353.4,16892.2,0.22824,0.74109,1.44606,40.66684
3305100.6,16328.2,0.24279,0.62716,1.14705,45.05856
3167841.5,17563.8,0.25922,0.84748,1.1597,66.28956
3328318.4,16571.9,0.20398,0.45145,1.37541,23.22572
3402287,15584.7,0.22495,0.88534,1.11416,59.61153
3139333.7,15991,0.17506,0.7967,1.31423,33.5067
3147675.7,15087.8,0.0899,0.8234,1.35201,16.35417
3372628.3,16621.3,0.10399,0.6156,1.06486,21.19526
3218126.6,16649.2,0.2372,0.81046,1.2715,50.94944
3379511.7,16505.2,0.31893,0.51873,1.28035,45.33166
3192713.2,17421.7,0.08379,0.76907,1.17138,19.24614
3384694.2,17494.6,0.21382,0.42725,1.40054,24.2926
3250787.7,16660.1,0.26024,0.51888,1.1151,41.24901
3263610.5,15462.7,0.27843,0.59515,1.19568,43.98702
3395789.9,17140.3,0.21085,0.52728,1.38947,29.29122
3200884.3,17102.5,0.22878,0.56286,1.12626,39.3666
3142270.5,16952.6,0.24721,0.80106,1.37855,48.12951
3192103.3,17362.3,0.28615,0.49117,1.08163,45.29536
3283248.4,16053.9,0.10935,0.7599,1.24569,22.11399
3079075.1,17988.5,0.30228,0.39054,1.08013,38.07486
3301979,16179.1,0.08624,0.77116,1.32116,16.91465
3182976.9,17220.7,0.28069,0.78561,1.36624,55.64256
3353611,15735.4,0.09842,0.57093,1.38994,13.41744
2995254.4,16196.9,0.12671,0.74736,1.4425,20.03137
3157907.2,17688.4,0.08093,0.85333,1.31881,18.39809
3066862.8,16605,0.18686,0.79039,1.35762,34.84432
3153894.3,17276,0.16025,0.56475,1.2523,24.76503
3262541.8,16908.4,0.11984,0.61632,1.41509,18.10887
3219352.5,16700,0.18826,0.77865,1.3075,37.91071
3211850.6,17595.4,0.17657,0.51093,1.40342,22.84847
3221380.2,16619.7,0.26424,0.79214,1.14418,61.60049
3258062.2,15678.5,0.29435,0.53044,1.2487,40.17213
3135450.1,16274.3,0.23662,0.79329,1.34193,44.89214
3308998.1,17100,0.10986,0.39774,1.13109,13.74822
3304528,17005.1,0.15089,0.37442,1.13454,17.60014
3276440,15808.7,0.2992,0.89872,1.44122,60.78103
3293790.4,16322.4,0.1013,0.8282,1.22384,23.17936
3267474.2,16409.4,0.17765,0.83557,1.12273,44.58434
3443376.4,16541.2,0.3062,0.8732,1.18259,80.99509
3228673.7,15925.2,0.30816,0.59107,1.20895,48.72325
3206417.1,16380.9,0.17869,0.50776,1.29923,23.0698
3161249.7,16319.8,0.24018,0.42151,1.41921,23.14655
3133049.7,17234.3,0.18962,0.62567,1.44464,27.8897
3111580.2,17257.2,0.26083,0.47103,1.31068,31.65751
3147564.3,16675.1,0.08758,0.86455,1.32997,18.79373
3230334.3,16525,0.1146,0.3522,1.17873,11.49632
3271306.2,16849.3,0.22741,0.42876,1.39286,24.26773
3242659.3,16266.2,0.13581,0.48556,1.13712,19.23903
3160034.9,16064.9,0.23985,0.45943,1.09255,32.20361
3328558.1,16190.8,0.16429,0.47418,1.4393,18.34647
3312292.6,16377,0.29279,0.71083,1.39566,50.87791
3221333.3,16054.7,0.27662,0.53013,1.17146,40.71929
3171428.7,16862.8,0.19828,0.68826,1.32007,34.77291
3292970.4,17208.8,0.26549,0.83964,1.23681,64.23983
3256502.7,15796.5,0.14507,0.68141,1.17925,27.12165
3090976.1,16779.3,0.19862,0.73199,1.16471,40.71968
3230607.5,16629.9,0.1274,0.55103,1.10441,21.47773
3263995.7,16972.2,0.28661,0.43786,1.26973,34.43664
3146461.7,16756.1,0.27754,0.52632,1.22864,39.42386
3256691.9,15877.9,0.29652,0.88036,1.25487,67.65379
3090298.7,15994.4,0.29059,0.692,1.13614,55.02308
3372669,16781.9,0.3103,0.50263,1.42544,38.95095
3363742,17391.1,0.1348,0.598,1.30544,22.71998
3211937.6,15414.2,0.30364,0.80953,1.40984,54.29078
3274256.3,16974.8,0.21709,0.71764,1.09371,49.79467
2993669.9,17489.2,0.1814,0.65836,1.29914,30.27136
3120495.8,16670.7,0.21449,0.83684,1.38978,42.25675
3207763.1,17099.4,0.16222,0.71984,1.18237,34.07228
3129015.9,16335.4,0.14925,0.7035,1.12806,29.92339
3309761.6,16691.2,0.13792,0.45437,1.15601,18.83502
3439554.4,15775.9,0.09978,0.40851,1.15917,12.00126
3118445.4,15334.9,0.19918,0.88083,1.22888,42.93918
3152757.8,17338.7,0.29306,0.67937,1.18039,57.99212
3261305.8,16163.5,0.23124,0.57863,1.15851,38.29127
3400484,16486.3,0.20503,0.67396,1.3094,37.21076
3113815.8,15918.8,0.18286,0.384,1.07121,20.43604
3262680.5,15904.5,0.19146,0.80217,1.18615,42.25805
3421748.5,16658,0.13023,0.46916,1.3259,16.51938
3070374.3,16319.2,0.2775,0.7925,1.12034,61.86263
3107877.6,16994.4,0.12761,0.64391,1.13837,23.97829
3194628.3,17039.9,0.25199,0.50211,1.13027,38.32727
3184816.5,16959.6,0.2624,0.36662,1.05037,31.11308
3319697.2,16909.5,0.21797,0.79871,1.23951,49.58817
3261934.2,17725.8,0.2871,0.44705,1.06558,43.80327
3057909.7,16113.2,0.14985,0.37849,1.15918,15.16332
3289629.9,16730.5,0.29159,0.76573,1.44792,53.37961
3179054.7,17454.5,0.25506,0.54252,1.41736,34.07227
3366422.8,17534.9,0.2717,0.56413,1.13603,50.09216
3173991.2,15897.3,0.2395,0.48589,1.174,31.45697
3173077.9,16573.6,0.28312,0.82255,1.23548,62.34669
3292232.2,17591.9,0.31834,0.51353,1.38777,42.9109
3314671.5,17073.7,0.18084,0.46561,1.37106,21.85952
3282820,16883,0.27534,0.52009,1.1005,45.35979
3066950.9,16631.3,0.2587,0.46173,1.09978,34.84413
3291918.8,16530,0.18869,0.52471,1.21669,27.84997
3132842.7,16939.7,0.30247,0.39561,1.39804,28.56893
3261288.4,16610.2,0.17466,0.43719,1.40283,18.54574
3093443.9,16738,0.21571,0.57938,1.09295,37.23933
3282640.2,16811.9,0.10543,0.83371,1.27972,23.83991
3155880.4,16350.6,0.13419,0.38151,1.11227,14.93741
3107719.2,17088.4,0.28177,0.46697,1.32445,33.18211
3309703.3,18540.5,0.17517,0.84959,1.41657,40.54757
3261932.7,15680.7,0.17458,0.83951,1.23191,38.2737
3175368.2,16961.5,0.13904,0.7237,1.08323,31.46566
3384302.9,16300.6,0.19799,0.48226,1.2817,25.84757
3192903.7,17116,0.2734,0.5809,1.21341,44.98719
3240733.5,16792.4,0.29484,0.46617,1.37436,34.22974
3264691.5,17228.4,0.09683,0.42072,1.18614,12.14969
3174792.7,17480.6,0.21796,0.559,1.39996,30.37771
3285150.7,16881.3,0.19215,0.6667,1.15948,38.53692
3183515,17454.1,0.22743,0.54796,1.11301,39.13073
3195839.1,15334.9,0.18735,0.68595,1.17259,33.78126
3375345.6,17733.5,0.17567,0.51294,1.06397,31.88444
3132207.6,16992.6,0.19325,0.54022,1.1625,30.06266
2993380.7,17421.1,0.21968,0.78487,1.31405,43.03587
3400465.9,16020.4,0.20024,0.83307,1.10691,51.63444
3495404.2,16257.6,0.19331,0.52712,1.09455,33.27431
3196483.5,16853,0.27628,0.66433,1.10295,56.38256
3041532.5,16753.6,0.25896,0.50299,1.08102,38.61605
3206073,16936.6,0.16193,0.37933,1.39985,14.98595
3208527.6,17425.1,0.27214,0.75582,1.42765,50.66257
3218270.3,15687.9,0.28488,0.44405,1.06862,37.58977
3124842.1,17357.6,0.11684,0.58414,1.35403,17.19534
3296120.2,16769,0.21984,0.61788,1.34486,35.11284
3290550.3,16639.8,0.14847,0.45146,1.44876,15.93335
3086294,15867.2,0.2574,0.40201,1.18915,26.80165
3308223.9,17070.7,0.13731,0.54141,1.1642,22.6806
3445158.2,15292.4,0.24114,0.87376,1.23123,56.70415
3254882.6,17159.3,0.14123,0.68832,1.39263,24.52083
3203357.5,15854.4,0.20267,0.55978,1.34144,27.01564
3223118.5,16796.6,0.30768,0.3714,1.23865,31.41242
3299731.5,16691.4,0.17151,0.68015,1.14783,35.2059
3062390.7,17477,0.29018,0.40074,1.34081,29.19477
3254116.8,16655.1,0.31687,0.6484,1.39181,50.31947
3197981.3,16340.9,0.28996,0.76357,1.20998,60.14287
3424432.2,16455.2,0.11981,0.58297,1.31743,18.78936
3219863.8,17539.9,0.27672,0.51468,1.21008,41.806
3406227.7,17090.9,0.08772,0.37606,1.2414,9.72931
3125818.1,16528.9,0.17439,0.36363,1.25996,16.35505
3296899,16619.9,0.28898,0.58651,1.36029,42.93971
3269799.3,15808.6,0.2453,0.83584,1.441,46.25831
3149562.4,17000.8,0.20786,0.48423,1.22775,27.60897
3255432.6,15691.2,0.17309,0.66573,1.18693,31.19051
3360157.4,17222.3,0.27495,0.72637,1.19944,60.60424
3204726.7,16842.4,0.25029,0.38346,1.10356,29.52463
3066306.9,18219.1,0.19242,0.43421,1.16878,25.11697
3235708.3,16093.4,0.2942,0.5322,1.08458,47.28089
3146185.7,16701.4,0.13519,0.71855,1.22116,26.2892
3202850,17860.2,0.12089,0.59147,1.11694,23.0328
3229230.8,17490.3,0.23427,0.75381,1.18856,52.78043
3064921.9,16339.6,0.31328,0.82718,1.36743,59.6901
3074026.7,16900.5,0.13934,0.7671,1.14837,30.41432
3286256.5,16765.2,0.13992,0.89574,1.29476,33.54299
3184601,16935.9,0.11348,0.7649,1.41047,20.87552
2978006.3,16338.1,0.28654,0.8187,1.27677,56.22541
3316888.9,16709.6,0.13434,0.8078,1.12752,33.5494
3265041.2,15789.8,0.20076,0.75165,1.18791,41.19055
3165261.4,16846.4,0.31781,0.79099,1.28615,65.55116
3104259.6,17038.3,0.08291,0.86408,1.25264,19.02624
3322045,16625.4,0.21356,0.61136,1.10945,40.87896
3272829.4,15779.5,0.20295,0.70106,1.22872,37.6116
3478536.4,17366.6,0.27379,0.63322,1.26723,51.98046
3279996.2,16986.2,0.16527,0.81807,1.15693,40.95029
3276709.6,16321.4,0.17848,0.58725,1.29498,27.22489
3220596.8,16592.9,0.12031,0.80085,1.07806,30.03775
3320119.5,15849.2,0.2578,0.78965,1.18464,56.87192
3300725.9,16138.9,0.26833,0.87904,1.37171,57.61226
3364123.9,16436.2,0.1128,0.48691,1.15371,16.55551
3184742.2,17512.8,0.17443,0.74029,1.29207,35.05778
3193434.3,16374.2,0.2943,0.76631,1.21401,61.0941
3189013.6,17154.3,0.08065,0.86495,1.17658,20.39945
3317491.7,16435.8,0.1517,0.8488,1.41645,31.1754
3389077.8,16915.1,0.21321,0.66544,1.1873,43.08523
3191063.6,16677.8,0.16018,0.66853,1.14467,31.31481
3194510.2,17296.2,0.14529,0.44201,1.41372,15.78626
3269260.8,16438,0.19041,0.88623,1.34838,42.29968
3212621.1,15805.4,0.12357,0.49026,1.32272,14.62639
3333805.7,15921.6,0.20711,0.7486,1.06981,48.38254
3009669.7,16439.8,0.24961,0.78769,1.10248,55.49714
3153846.2,16002.6,0.21807,0.59267,1.30534,31.42928
3158327,17014.1,0.10235,0.46616,1.13377,14.22197
3002731.4,16480.1,0.28266,0.45393,1.14026,35.02184
3139992.5,18211.6,0.12199,0.82107,1.36166,26.45746
3144897.5,15704.7,0.26355,0.63092,1.16437,44.36132
3217139.1,16888.1,0.16654,0.39958,1.07863,21.08142
3350085.5,16076.4,0.26786,0.74436,1.06457,63.44276
3212692,16463.2,0.12951,0.48759,1.22727,17.11619
3133196.3,16850.2,0.1248,0.83202,1.29685,26.5866
3231723,15346.5,0.19929,0.52026,1.39755,23.14152
3343631.5,16908.4,0.0879,0.46015,1.09432,13.14324
3138746,17924,0.13407,0.39667,1.12867,16.67284
3145361,16487.6,0.25376,0.63134,1.26192,41.41003
3293994.3,16922.4,0.28097,0.59791,1.19564,49.26011
3215072,17388.8,0.09939,0.76322,1.24301,21.45792
3302992.1,16664.1,0.2917,0.60553,1.41965,43.072
3236104.5,16409.8,0.2714,0.5391,1.26796,38.54113
3308473.4,15376.7,0.28872,0.49391,1.21605,37.52222
3132764.8,17154.7,0.24762,0.50298,1.44578,29.11858
3236262.5,16695,0.2418,0.86032,1.07609,65.69148
3216169.3,16146.7,0.20602,0.44079,1.42285,20.84637
3114471.7,16841.2,0.23667,0.8935,1.25066,55.77855
3079305.9,16408.2,0.30059,0.52981,1.2515,40.43753
3306863.3,16441.9,0.10413,0.39861,1.41879,10.00408
3201978.8,17133.6,0.15578,0.48678,1.25293,20.88388
3134059.6,15948.1,0.09739,0.38213,1.22536,9.54748
3227754.6,17402.4,0.30675,0.78452,1.159,73.35626
3351608.4,15912,0.18686,0.6319,1.31353,30.15307
3006739.7,16360,0.24208,0.53534,1.27786,31.37686
3086068.1,17936.2,0.28187,0.71413,1.13574,61.70183
3144115.4,17451.2,0.31784,0.69686,1.33377,57.3078
3385314.7,16823.5,0.11883,0.86693,1.30763,28.2194
3266074.9,16190.7,0.27188,0.87869,1.20893,65.72407
3315115.7,16441.4,0.29298,0.72438,1.05176,69.17367
3122133.4,16808.7,0.09173,0.7998,1.22863,19.70935
3124220.1,16786.9,0.26098,0.78583,1.05242,64.28044
3282791.1,16708.6,0.16513,0.62022,1.08,32.71578
3243380.8,16745.2,0.23566,0.73745,1.22224,48.57056
3293001.8,16633.3,0.20337,0.39304,1.08277,25.4321
3218498.2,15885,0.14234,0.76691,1.16027,30.2528
3265625.3,16449.1,0.11245,0.87901,1.3122,25.45025
3253482.3,17321.6,0.10807,0.39674,1.17345,12.95046
3316173,15929.9,0.1048,0.80986,1.44906,19.46
3319131.3,16648.4,0.23307,0.86314,1.41652,49.35812
3073600.4,16264.3,0.16434,0.4744,1.28412,19.08886
3010125.8,16831.9,0.13199,0.63865,1.43678,18.69616
3338833.1,16527.1,0.24605,0.86032,1.39721,52.58187
3357649,17664.6,0.24484,0.87812,1.17756,68.11128
3134227.3,17072.8,0.2094,0.42034,1.34984,21.94543
3049323,15964.3,0.30439,0.54195,1.10473,45.71988
3247504.6,17173.2,0.1725,0.73398,1.32382,33.54749
3331659.4,16291.8,0.28061,0.47186,1.24643,36.26489
3419350.3,16412.3,0.09803,0.52862,1.05673,17.30956
3289719.7,16955.3,0.25756,0.36281,1.15969,28.26804
3199878,16464.2,0.31723,0.43444,1.43215,31.88599
3147125.9,17308.3,0.28318,0.65928,1.17633,54.37431
3238643.7,16291.9,0.21912,0.7092,1.12258,45.93909
3207208.1,16386.7,0.23042,0.7069,1.12501,47.85908
3134789.3,16363.9,0.16479,0.7781,1.24169,33.31685
3444760.6,16419.2,0.24308,0.5784,1.38706,36.05847
3418093.1,17434.1,0.26489,0.50042,1.3532,36.71517
3352420.8,17147.3,0.31957,0.35857,1.22474,33.82776
3144321.4,17806.4,0.19819,0.46365,1.13349,28.5478
3323988.6,18146.4,0.09471,0.52181,1.06843,17.54875
3302197,16135.7,0.22301,0.44801,1.23505,27.11
3282258.1,16806.9,0.10857,0.36108,1.37591,9.88516
3363915.5,16047,0.13874,0.4366,1.34187,15.3263
3301766.5,16290,0.15891,0.71635,1.21344,31.73489
3312353.4,16379.9,0.25545,0.69627,1.28788,47.12694
3301921.8,16119.6,0.12411,0.86463,1.2245,29.3378
3271963.5,16122.8,0.11978,0.78899,1.28161,24.46641
3057034.7,16676,0.09079,0.66227,1.257,15.33739
3245945.2,16022.3,0.28958,0.42566,1.32239,30.48934
3181214.4,17277.4,0.24644,0.66024,1.25308,44.88718
3108001.8,16204.5,0.08959,0.38388,1.42624,7.63799
3407636.9,18476.7,0.08679,0.58699,1.22121,16.51973
3412410,16488.8,0.21408,0.56464,1.05637,40.4955
3374999.4,16807.9,0.14781,0.5853,1.14455,26.96777
3263305.4,15974.4,0.22321,0.5039,1.25024,29.49674
3374129.8,17804,0.18431,0.72721,1.26623,39.99264
3238704.6,17446.4,0.3016,0.81252,1.27095,68.52097
3258002.4,16945,0.14907,0.77268,1.33582,29.941
3126857.1,15943,0.24299,0.69526,1.15986,45.67054
3277649.3,16892.4,0.09297,0.64609,1.31596,15.89564
3243594.5,16080.4,0.30941,0.3671,1.33161,27.98152
3105694,17655.5,0.31538,0.74761,1.21451,66.95245
3232305.5,17257.3,0.25738,0.64974,1.21087,48.45253
3229418.8,16822.2,0.19165,0.49891,1.12157,29.12919
3419346.9,15278.8,0.1328,0.53031,1.21559,19.03643
3327954,16164.5,0.275,0.86458,1.36473,58.94639
3238643.1,17183.3,0.25672,0.6934,1.41359,44.07719
3262655.3,17503.4,0.13327,0.61175,1.28745,22.74498
3241958.2,17440.1,0.18829,0.69151,1.16975,39.58311
3216956,15793.5,0.19107,0.57756,1.32292,26.65636
3127974.5,16947.8,0.27834,0.6086,1.34606,41.96003
3222203,17383.1,0.24412,0.50967,1.18289,37.05535
3162001.3,15753.1,0.23436,0.59192,1.38062,31.47872
3110989,16759.2,0.23596,0.72708,1.07948,52.11584
3289206.2,16930.9,0.14491,0.37197,1.0543,17.90757
3277069.9,16580.7,0.16921,0.78727,1.09919,41.41723
3056721.4,15634.9,0.09096,0.50564,1.1124,12.42774
3225073,16565.5,0.26887,0.72541,1.40157,46.75872
3338221.7,16564.5,0.18392,0.7035,1.21999,36.88451
3344648.3,16673.7,0.18518,0.70895,1.15997,39.69657
3341270.5,16420.5,0.13889,0.68447,1.22163,26.85267
3241422,16493.9,0.13026,0.87751,1.20794,31.82018
3151990.7,16739.8,0.22108,0.62959,1.17058,39.45942
3127845.8,17033.7,0.13581,0.75278,1.10516,30.99936
3272349.3,16578.4,0.09541,0.738,1.31237,18.30686
3275857.4,16514.3,0.2642,0.47995,1.10464,39.05794
3367726.2,16820.3,0.17035,0.50582,1.36017,22.57032
3348771.6,15593,0.17126,0.58321,1.13068,29.01124
3224107.4,17054.8,0.18352,0.50273,1.34255,23.766
3111607.1,16763.7,0.27561,0.55171,1.37223,36.35367
3205200.7,16788.2,0.157,0.56503,1.10013,27.29005
3259462.7,17349.7,0.26193,0.68213,1.0847,58.58582
3217040.1,15573.6,0.30549,0.47094,1.42983,31.70594
3179018.8,15560.8,0.23861,0.79236,1.23522,47.62174
3263069.9,16930.9,0.1836,0.59064,1.30209,28.93934
3186499,16759.7,0.25947,0.73843,1.0593,60.75382
3173942.8,16867.7,0.1899,0.39479,1.16148,21.73422
3268995.3,16482.3,0.17946,0.60848,1.25216,29.55358
3196815,17169,0.20607,0.36552,1.40449,18.5133
3262181.5,17332.5,0.15625,0.72175,1.15858,34.61619
3265125.6,17059,0.10502,0.53904,1.36008,14.58148
3122207.5,16605,0.17956,0.87209,1.31489,38.83391
3188797.3,15479.2,0.10973,0.52827,1.09611,16.41725
3382947.1,17232.9,0.17851,0.66009,1.16735,37.01077
3119915.9,17508.8,0.21366,0.49156,1.14515,31.51125
3023340.2,17156.9,0.30337,0.69106,1.22701,55.74239
3049119.6,16227.8,0.08869,0.60687,1.30413,12.8445
3240430.2,17174.7,0.22915,0.55385,1.22337,36.31294
3240613.1,17288.6,0.18986,0.46203,1.14781,26.92939
3225586.3,17714.3,0.08486,0.41134,1.32835,9.44386
3360326.4,16229.9,0.13989,0.41593,1.28379,15.54665
2967070.7,16626,0.10844,0.89947,1.25773,24.06072
3277542.3,17219.5,0.13203,0.57677,1.27177,21.25479
3395458,16799,0.1459,0.35106,1.13876,16.13598
3123386,16082.9,0.17631,0.87411,1.32217,36.82735
3199059.6,17016.8,0.20697,0.36099,1.205,21.22897
3161314,17116.8,0.08024,0.58022,1.19539,13.2547
3147002.9,16817.6,0.11885,0.74461,1.10989,26.54129
3204476.8,16897.9,0.10246,0.85303,1.28873,23.09635
3381905.8,16606.3,0.21192,0.74209,1.29107,43.02622
3423376.1,17665.2,0.15898,0.60499,1.18612,30.84243
3203497.7,16214.9,0.21162,0.88594,1.39394,43.94059
3430222.8,16406,0.13324,0.37163,1.38818,12.62487
3241084.5,16770.7,0.08582,0.89279,1.09362,23.94994
3414908.5,17299.8,0.30593,0.81717,1.32802,69.94611
3228046,15851.2,0.10599,0.86091,1.20753,24.31975
3250744.4,15965.2,0.11045,0.49012,1.44989,12.18705
3274460.7,15521.8,0.11517,0.42835,1.14001,13.8336
3540999.4,16783.9,0.31551,0.71482,1.16221,72.53689
3323610.9,16082.3,0.22824,0.63372,1.22684,39.63456
3165930.2,16529.6,0.22647,0.63774,1.15749,41.06951
3335520,17167.2,0.31681,0.85854,1.3268,73.82972
3200878,16372.9,0.10123,0.69104,1.24236,18.55918
3187936.4,16905,0.31388,0.52109,1.13835,48.70099
3329409.6,16581.5,0.12896,0.57004,1.25255,20.37897
3240630.1,17173.7,0.22954,0.42342,1.40552,24.20486
3265669.1,17053.6,0.18082,0.45577,1.36696,21.11767
3238900,16342.2,0.17215,0.42884,1.24953,19.66884
3271537.7,16661.2,0.3035,0.79566,1.1654,71.03708
3280479.5,17400.3,0.11581,0.73768,1.12195,27.338
3041519.5,17003.8,0.3193,0.64169,1.40135,47.5582
3304923.2,15912.4,0.17099,0.5559,1.33407,23.5671
3138132.8,17163.7,0.23571,0.71767,1.27887,44.8095
3091565.7,16102.8,0.3123,0.7971,1.40177,55.60321
3231575.6,17625.1,0.09382,0.83468,1.09868,25.53446
3245981.6,17388.3,0.30149,0.65086,1.323,52.65233
3167322.1,16940.7,0.21627,0.80094,1.13668,51.42862
3321561.8,16859.8,0.24906,0.63122,1.09823,50.41904
3101695.4,16636.6,0.1158,0.61099,1.23624,18.57529
3196314.1,17177.6,0.20801,0.82599,1.20496,49.24045
3178312.6,16538,0.24164,0.56251,1.42647,31.50178
3232771.8,16907.6,0.1895,0.56775,1.17959,31.35514
3265698.2,17295.5,0.1172,0.5177,1.37596,15.66443
3135515.2,16421.5,0.13859,0.63529,1.34953,21.12775
3310761.8,16388.4,0.28505,0.64967,1.31717,47.97972
3243859.2,16035.9,0.08827,0.71325,1.41816,14.52511
3046074.3,16115.1,0.25013,0.58678,1.21317,37.35096
3039331.7,15649.4,0.31985,0.46981,1.20587,37.27925
3236238.8,17208.9,0.0818,0.82676,1.11438,21.25644
3215129.6,17866.7,0.11865,0.5403,1.1603,19.96157
3227022,17632.9,0.24179,0.85762,1.40191,52.93743
3234654.1,15772.7,0.0944,0.46404,1.23975,11.33805
3260305.3,17205.9,0.22155,0.65803,1.18654,43.34977
3333360.2,17630.9,0.24416,0.64514,1.13644,51.2334
3125073.1,16485.5,0.22116,0.80576,1.24398,46.41581
3118915.1,16825.8,0.16764,0.42637,1.33667,17.65014
3126872,15540,0.24735,0.85047,1.16468,55.19974
3266715.2,16926.6,0.22263,0.64229,1.35309,36.75239
3363438.2,16115.7,0.12983,0.67236,1.30192,22.85875
3193845.9,16885.7,0.21515,0.63059,1.36503,33.71351
2984384.6,15812.3,0.29166,0.36981,1.15036,27.82838
3065089.8,17094.9,0.24004,0.6234,1.30241,37.86427
3153205.6,17388.5,0.19323,0.49495,1.11149,29.67312
3181058.9,16286.6,0.15718,0.53848,1.19552,23.06897
3196167.9,16070.9,0.10061,0.70701,1.33974,17.15306
3241388.4,15449.7,0.13871,0.62373,1.30267,20.91908
3205945.3,16601.6,0.08268,0.40127,1.12514,9.87136
3343648.3,16409.5,0.31679,0.39017,1.39334,30.61289
3169091.5,15818.5,0.1334,0.45211,1.07134,17.74914
3150243.2,17040.2,0.27557,0.45499,1.28809,32.86404
3285933.7,16489.7,0.12047,0.68457,1.44353,19.47037
3082122.1,16108.2,0.14806,0.4478,1.2626,16.39761
3276910.8,16425.9,0.18039,0.83495,1.37027,37.21074
3247860.6,17417.1,0.15786,0.46537,1.28807,20.29135
3222568.2,17131.6,0.2716,0.40012,1.36324,27.68052
3398173.3,16684.7,0.30985,0.83166,1.31224,70.02641
3174535.5,17141.4,0.29007,0.51243,1.32645,38.35221
3445928.4,16056.3,0.11686,0.58398,1.14112,20.81118
3214677.9,16783.7,0.26641,0.87746,1.34673,58.90273
3108287.6,16853.8,0.11551,0.8694,1.14516,28.89342
3244559,16477.6,0.29921,0.7432,1.44226,51.84542
3128599.9,17029.5,0.20429,0.38792,1.14111,23.27156
3161428.9,16288.2,0.16073,0.67634,1.14467,30.75794
3277653.6,17074.8,0.11769,0.89399,1.39347,26.57647
3293694.2,17100.4,0.08283,0.8708,1.14719,22.27408
3174539.6,14985.7,0.13951,0.4083,1.19436,14.26976
3337382.3,17489.6,0.29936,0.56778,1.33586,46.71172
3354591.8,14935.2,0.27134,0.52355,1.1135,40.20226
3382797.8,16388.5,0.31275,0.42135,1.11363,41.26028
3291046.6,17389.1,0.10418,0.73214,1.24454,22.06004
3375425.1,16570.6,0.22212,0.50062,1.14748,34.0908
3047202.1,15870.2,0.14172,0.53968,1.14426,20.32954
3205322.1,16097.3,0.21031,0.3997,1.0537,25.88859
3149769,17390,0.15691,0.62388,1.19818,28.14649
3249547.4,15592.7,0.14803,0.43699,1.1773,17.51061
3179670.8,17452.2,0.21772,0.58765,1.06246,42.02999
3220674.7,16730.4,0.124,0.42884,1.29849,13.8782
3427907.4,16037.1,0.19259,0.87462,1.30066,44.77796
3220314.3,16408.5,0.23619,0.42974,1.07832,31.28341
3279349.1,16143.9,0.11076,0.63704,1.17682,19.9649
3213986.1,17292.1,0.30334,0.45834,1.39912,34.73538
3245145.2,17210.5,0.20137,0.392,1.28287,21.61479
3238093.9,15716,0.27669,0.46127,1.21479,33.62719
3282842.7,16518,0.23694,0.38013,1.23604,24.85145
3355380.9,16237.8,0.2504,0.42667,1.13331,32.30442
3404154.3,17552.5,0.25187,0.62142,1.37475,42.78611
3268809.8,15941,0.29002,0.7085,1.4156,47.57222
3297130.4,17741.9,0.22727,0.39804,1.41427,23.53313
3121050.6,16743.7,0.14677,0.59256,1.13957,25.08436
3228594.5,16055.7,0.10388,0.66969,1.1743,19.31499
3332615.5,16351.1,0.2255,0.47882,1.11425,33.21167
3325096.4,16275.3,0.09592,0.55464,1.17288,15.43979
3258894,15987,0.13791,0.38951,1.18312,14.87782
3327162.9,16821.8,0.09457,0.47107,1.30324,12.03311
3287136.7,16015.5,0.21173,0.60671,1.12586,37.7801
3358921.8,15434.8,0.11848,0.89474,1.41776,24.38174
3266760,16532.5,0.2265,0.89795,1.09124,63.30936
3201498.6,15665,0.26981,0.88879,1.05275,71.85032
3271462.7,16305.5,0.27725,0.5827,1.39198,38.93831
2940992.8,16209.8,0.15429,0.39437,1.33151,13.70228
3276222.2,16232.9,0.21175,0.52797,1.19214,31.36787
2933970.9,17983.8,0.21512,0.48074,1.2882,26.64217
3063119.9,16798.4,0.19349,0.35777,1.13942,19.6623
3283191.2,16913.6,0.23723,0.40238,1.11736,29.8371
3285797.5,15681.1,0.13042,0.59926,1.23846,20.45088
3119880.6,16365.3,0.31502,0.53681,1.19128,45.58564
3165440.8,16895.2,0.10354,0.44919,1.29609,12.07033
3376144.7,16139.4,0.27901,0.74385,1.13726,62.54317
3188515.1,17317.6,0.22258,0.54641,1.31517,32.11614
3464404.5,16030.8,0.13877,0.81853,1.35674,29.24268
3237290.9,16589.4,0.25896,0.48254,1.11665,37.79884
3278766.7,16406.7,0.10028,0.64612,1.06754,20.53382
3401066.6,16864.2,0.26586,0.45128,1.22583,35.30704
3250741.3,16373.6,0.2216,0.62242,1.35961,33.96029
3136076.6,16598.9,0.10658,0.43386,1.31031,11.55392
3226383.9,16620.1,0.09908,0.43887,1.33075,11.02032
3233882.3,16316.3,0.2602,0.68672,1.21114,48.96216
3099412.3,17059.7,0.1503,0.49508,1.14398,21.63217
3211602.2,16909.3,0.29343,0.4448,1.26271,35.30495
3162396.5,16710,0.2629,0.86137,1.13175,66.50246
3331003.7,16501.6,0.24757,0.37365,1.34049,23.85676
3240986.9,17249.6,0.14687,0.66083,1.12879,30.2323
3208874.3,16620.2,0.25015,0.65155,1.16651,46.86616
3226742.6,16577,0.30756,0.48783,1.25262,40.29637
3260058.7,16827.8,0.10197,0.59902,1.24468,16.9335
3299889.1,17798.2,0.15828,0.39826,1.29034,18.04574
3136342.8,15946.9,0.13632,0.7467,1.22498,26.13956
3132106.2,17233.3,0.17438,0.47193,1.41779,19.70552
3349247.1,15609.9,0.25816,0.45636,1.38597,27.95169
3195768.4,16896.4,0.19382,0.52318,1.40165,24.56959
3094141.2,17724.2,0.21698,0.8463,1.30181,48.65339
3282386.3,17061.9,0.1554,0.78806,1.304,33.07926
3284364.9,16868,0.11391,0.87079,1.29368,26.71647
3082620.5,16422.4,0.14406,0.70858,1.22395,26.55532
3260702.1,16782.9,0.28632,0.71461,1.17884,59.73982
3311905.1,16610.3,0.22458,0.61402,1.2868,37.07778
3275362.3,16284.9,0.17072,0.84785,1.06021,45.79999
3301423.6,16587.3,0.26958,0.63098,1.05298,55.63824
3095413.3,16884.9,0.09547,0.54528,1.39066,12.30561
3270976.9,16296.3,0.14093,0.70221,1.06857,31.04995
3206868.7,16272.5,0.13522,0.65038,1.25992,22.91032
3188640.6,15934.8,0.31649,0.41821,1.296,32.63756
3325560.5,17002.2,0.24946,0.566,1.12927,44.46439
3387145.4,17096.4,0.22827,0.52233,1.40829,30.8357
3419024.1,16905.2,0.0812,0.81576,1.12604,21.38382
3370506.1,17352.4,0.12423,0.55836,1.40381,18.17702
3226383.2,16817.6,0.23253,0.80186,1.3552,46.95359
3273170.3,17003,0.17113,0.59331,1.1463,31.00494
3315065.7,16949.2,0.30183,0.76443,1.1103,73.43667
3249744.9,16708.2,0.26353,0.42441,1.17649,32.4656
3250714.7,16440.4,0.18737,0.85856,1.20918,44.719
3320825.4,18113.7,0.25988,0.61431,1.14831,52.59879
